District,Year,october,november,december,january,february,Yield
Agra,2006,0.29,0.341,0.608,0.663,0.687,2.77
Agra,2007,0.301,0.256,0.524,0.636,0.621,3.15
Agra,2008,0.341,0.391,0.637,0.692,0.643,3.29
Agra,2009,0.411,0.384,0.619,0.712,0.693,3.18
Agra,2010,0.41,0.328,0.517,0.658,0.725,3.7
Agra,2011,0.411,0.383,0.582,0.69,0.658,3.9
Agra,2012,0.409,0.379,0.552,0.665,0.704,3.83
Agra,2013,0.446,0.391,0.667,0.749,0.73,3.71
Agra,2014,0.419,0.354,0.568,0.732,0.722,2.41
Agra,2015,0.361,0.275,0.562,0.674,0.688,3.23
Agra,2016,0.36,0.349,0.606,0.705,0.722,4.08
Agra,2017,0.378,0.353,0.62,0.711,0.691,4.04
Agra,2018,0.445,0.376,0.607,0.728,0.702,4.37
Aligarh,2006,0.416,0.344,0.531,0.625,0.721,2.86
Aligarh,2007,0.439,0.327,0.426,0.634,0.63,3.22
Aligarh,2008,0.455,0.378,0.49,0.645,0.673,3.39
Aligarh,2009,0.493,0.369,0.484,0.664,0.704,3.19
Aligarh,2010,0.494,0.346,0.41,0.569,0.725,3.55
Aligarh,2011,0.493,0.369,0.467,0.643,0.622,3.77
Aligarh,2012,0.478,0.365,0.467,0.622,0.711,3.47
Aligarh,2013,0.525,0.377,0.536,0.712,0.741,3.6
Aligarh,2014,0.498,0.325,0.477,0.731,0.732,2.45
Aligarh,2015,0.496,0.326,0.501,0.631,0.701,3.28
Aligarh,2016,0.458,0.364,0.509,0.707,0.734,3.98
Aligarh,2017,0.48,0.368,0.589,0.717,0.737,4.3
Aligarh,2018,0.536,0.373,0.555,0.714,0.728,4.27
Allahabad,2006,0.619,0.426,0.483,0.547,0.617,2.34
Allahabad,2007,0.65,0.457,0.382,0.559,0.587,2.23
Allahabad,2008,0.605,0.44,0.453,0.621,0.602,2.49
Allahabad,2009,0.561,0.434,0.49,0.633,0.636,2.14
Allahabad,2010,0.627,0.505,0.403,0.527,0.615,2.47
Allahabad,2011,0.561,0.434,0.409,0.604,0.654,2.64
Allahabad,2012,0.641,0.462,0.392,0.573,0.689,2.49
Allahabad,2013,0.637,0.512,0.397,0.58,0.681,2.44
Allahabad,2014,0.661,0.43,0.429,0.66,0.668,1.36
Allahabad,2015,0.596,0.373,0.37,0.543,0.609,1.91
Allahabad,2016,0.668,0.496,0.392,0.635,0.677,3
Allahabad,2017,0.648,0.45,0.42,0.592,0.636,3.76
Allahabad,2018,0.635,0.48,0.402,0.62,0.678,3.55
Ambedhkarnagar,2006,0.688,0.427,0.505,0.564,0.687,2.96
Ambedhkarnagar,2007,0.69,0.453,0.432,0.635,0.653,3.24
Ambedhkarnagar,2008,0.639,0.418,0.43,0.665,0.68,3.31
Ambedhkarnagar,2009,0.662,0.443,0.441,0.635,0.705,3.13
Ambedhkarnagar,2010,0.7,0.509,0.399,0.575,0.716,3.35
Ambedhkarnagar,2011,0.662,0.443,0.435,0.64,0.696,3.36
Ambedhkarnagar,2012,0.682,0.461,0.412,0.588,0.727,3.34
Ambedhkarnagar,2013,0.707,0.46,0.468,0.561,0.717,3.44
Ambedhkarnagar,2014,0.68,0.434,0.48,0.676,0.704,2.3
Ambedhkarnagar,2015,0.645,0.436,0.418,0.611,0.692,3.18
Ambedhkarnagar,2016,0.682,0.47,0.44,0.683,0.721,3.55
Ambedhkarnagar,2017,0.68,0.47,0.5,0.622,0.707,4.11
Ambedhkarnagar,2018,0.652,0.476,0.426,0.657,0.722,4.1
Amethi,2006,0.609,0.439,0.477,0.556,0.629,2.86
Amethi,2007,0.642,0.424,0.418,0.559,0.584,2.86
Amethi,2008,0.593,0.438,0.462,0.607,0.608,2.86
Amethi,2009,0.63,0.478,0.443,0.609,0.655,2.86
Amethi,2010,0.615,0.488,0.426,0.548,0.663,2.79
Amethi,2011,0.63,0.478,0.423,0.599,0.66,2.87
Amethi,2012,0.618,0.444,0.411,0.557,0.698,3.06
Amethi,2013,0.689,0.447,0.462,0.57,0.674,2.38
Amethi,2014,0.653,0.423,0.496,0.682,0.679,1.82
Amethi,2015,0.612,0.383,0.422,0.573,0.633,2.38
Amethi,2016,0.657,0.469,0.436,0.641,0.704,3.06
Amethi,2017,0.678,0.441,0.484,0.635,0.68,3.88
Amethi,2018,0.646,0.46,0.451,0.66,0.717,3.54
Auraiya,2006,0.506,0.387,0.427,0.546,0.663,3.14
Auraiya,2007,0.472,0.329,0.374,0.575,0.59,3.06
Auraiya,2008,0.521,0.412,0.423,0.606,0.637,3.54
Auraiya,2009,0.533,0.412,0.449,0.617,0.665,2.87
Auraiya,2010,0.551,0.461,0.41,0.507,0.677,3.75
Auraiya,2011,0.533,0.412,0.405,0.575,0.64,3.85
Auraiya,2012,0.568,0.396,0.392,0.545,0.7,3.63
Auraiya,2013,0.584,0.438,0.492,0.674,0.707,3.81
Auraiya,2014,0.569,0.352,0.381,0.678,0.697,2.26
Auraiya,2015,0.482,0.401,0.428,0.583,0.667,3.08
Auraiya,2016,0.53,0.364,0.438,0.672,0.722,4.02
Auraiya,2017,0.578,0.374,0.499,0.67,0.72,3.88
Auraiya,2018,0.574,0.403,0.449,0.674,0.713,4.14
Azamgarh,2006,0.618,0.429,0.459,0.498,0.654,2.45
Azamgarh,2007,0.664,0.438,0.391,0.602,0.616,2.59
Azamgarh,2008,0.593,0.407,0.407,0.62,0.635,2.73
Azamgarh,2009,0.585,0.436,0.403,0.608,0.67,2.59
Azamgarh,2010,0.636,0.496,0.391,0.56,0.658,2.8
Azamgarh,2011,0.585,0.436,0.404,0.599,0.646,2.89
Azamgarh,2012,0.629,0.445,0.388,0.572,0.708,2.94
Azamgarh,2013,0.655,0.455,0.439,0.574,0.691,3.09
Azamgarh,2014,0.66,0.459,0.452,0.669,0.659,2.12
Azamgarh,2015,0.61,0.448,0.38,0.545,0.663,2.73
Azamgarh,2016,0.67,0.408,0.423,0.672,0.706,3.35
Azamgarh,2017,0.629,0.439,0.51,0.623,0.71,3.44
Azamgarh,2018,0.614,0.445,0.396,0.639,0.703,3.69
Baghpat,2006,0.573,0.491,0.477,0.491,0.62,4.03
Baghpat,2007,0.557,0.466,0.421,0.484,0.488,3.36
Baghpat,2008,0.587,0.496,0.427,0.528,0.632,3.8
Baghpat,2009,0.586,0.465,0.422,0.46,0.604,3.63
Baghpat,2010,0.575,0.487,0.405,0.389,0.612,4.12
Baghpat,2011,0.586,0.465,0.375,0.445,0.549,4.24
Baghpat,2012,0.596,0.491,0.456,0.445,0.611,4.45
Baghpat,2013,0.64,0.524,0.466,0.475,0.623,4.5
Baghpat,2014,0.564,0.463,0.417,0.51,0.568,3.39
Baghpat,2015,0.587,0.502,0.446,0.442,0.579,4.14
Baghpat,2016,0.562,0.493,0.421,0.555,0.622,4.74
Baghpat,2017,0.613,0.488,0.467,0.494,0.603,4.43
Baghpat,2018,0.626,0.519,0.445,0.502,0.599,4.56
Baharaich,2006,0.6,0.429,0.447,0.539,0.609,2.64
Baharaich,2007,0.616,0.421,0.43,0.554,0.568,2.75
Baharaich,2008,0.556,0.393,0.425,0.593,0.619,2.83
Baharaich,2009,0.598,0.425,0.425,0.562,0.633,2.6
Baharaich,2010,0.611,0.432,0.369,0.509,0.616,2.9
Baharaich,2011,0.598,0.425,0.414,0.574,0.597,3.07
Baharaich,2012,0.616,0.469,0.411,0.459,0.645,2.84
Baharaich,2013,0.677,0.434,0.468,0.62,0.648,3.23
Baharaich,2014,0.647,0.423,0.505,0.64,0.651,2.38
Baharaich,2015,0.623,0.436,0.395,0.505,0.581,2.66
Baharaich,2016,0.633,0.409,0.43,0.61,0.645,3.16
Baharaich,2017,0.633,0.445,0.485,0.575,0.64,3.75
Baharaich,2018,0.591,0.426,0.447,0.598,0.656,3.79
Ballia,2006,0.613,0.417,0.469,0.541,0.675,2.47
Ballia,2007,0.602,0.393,0.428,0.646,0.643,2.6
Ballia,2008,0.55,0.358,0.433,0.667,0.652,2.71
Ballia,2009,0.538,0.379,0.396,0.602,0.661,2.54
Ballia,2010,0.629,0.488,0.395,0.586,0.671,2.93
Ballia,2011,0.538,0.379,0.414,0.634,0.67,3.25
Ballia,2012,0.577,0.436,0.371,0.599,0.718,3.38
Ballia,2013,0.6,0.437,0.414,0.566,0.715,2.87
Ballia,2014,0.619,0.378,0.433,0.673,0.659,2.27
Ballia,2015,0.569,0.398,0.37,0.594,0.672,2.71
Ballia,2016,0.616,0.411,0.41,0.671,0.709,3.94
Ballia,2017,0.586,0.417,0.48,0.604,0.709,3.62
Ballia,2018,0.577,0.419,0.409,0.686,0.722,3.84
Balrampur,2006,0.629,0.46,0.467,0.486,0.54,2.44
Balrampur,2007,0.637,0.492,0.475,0.522,0.513,3.5
Balrampur,2008,0.608,0.439,0.442,0.543,0.538,2.79
Balrampur,2009,0.61,0.469,0.466,0.526,0.565,2.89
Balrampur,2010,0.661,0.469,0.41,0.467,0.54,2.84
Balrampur,2011,0.61,0.469,0.422,0.524,0.554,2.88
Balrampur,2012,0.627,0.479,0.419,0.471,0.596,2.72
Balrampur,2013,0.671,0.473,0.473,0.563,0.596,2.76
Balrampur,2014,0.642,0.476,0.477,0.581,0.599,2.1
Balrampur,2015,0.613,0.486,0.407,0.441,0.517,2.39
Balrampur,2016,0.639,0.457,0.46,0.588,0.593,2.87
Balrampur,2017,0.687,0.512,0.49,0.53,0.579,3.65
Balrampur,2018,0.632,0.465,0.444,0.538,0.588,3.5
Banda,2006,0.425,0.419,0.524,0.559,0.51,1.47
Banda,2007,0.421,0.369,0.403,0.462,0.475,1.33
Banda,2008,0.441,0.385,0.536,0.616,0.537,1.81
Banda,2009,0.441,0.436,0.574,0.633,0.627,1.68
Banda,2010,0.464,0.425,0.439,0.508,0.573,1.81
Banda,2011,0.441,0.436,0.45,0.592,0.63,2.09
Banda,2012,0.496,0.384,0.442,0.548,0.621,2.23
Banda,2013,0.5,0.446,0.472,0.661,0.686,1.9
Banda,2014,0.482,0.423,0.466,0.649,0.654,0.91
Banda,2015,0.438,0.343,0.316,0.414,0.523,1.2
Banda,2016,0.485,0.42,0.468,0.615,0.624,2.34
Banda,2017,0.499,0.412,0.502,0.608,0.627,2.29
Banda,2018,0.48,0.42,0.408,0.591,0.653,3.06
Barabanki,2006,0.577,0.396,0.525,0.605,0.634,2.96
Barabanki,2007,0.629,0.397,0.423,0.594,0.615,2.91
Barabanki,2008,0.577,0.411,0.471,0.635,0.629,3.07
Barabanki,2009,0.6,0.418,0.43,0.602,0.677,3.08
Barabanki,2010,0.636,0.472,0.392,0.535,0.673,3.25
Barabanki,2011,0.6,0.418,0.443,0.613,0.648,3.51
Barabanki,2012,0.637,0.399,0.424,0.576,0.694,3.72
Barabanki,2013,0.704,0.406,0.485,0.625,0.683,3.55
Barabanki,2014,0.651,0.407,0.531,0.712,0.722,2.37
Barabanki,2015,0.625,0.361,0.435,0.614,0.649,2.97
Barabanki,2016,0.595,0.389,0.473,0.681,0.713,3.64
Barabanki,2017,0.65,0.406,0.512,0.637,0.672,4.02
Barabanki,2018,0.619,0.409,0.52,0.678,0.711,3.95
Bareilly,2006,0.617,0.423,0.493,0.549,0.625,2.85
Bareilly,2007,0.608,0.429,0.398,0.553,0.564,2.82
Bareilly,2008,0.534,0.387,0.448,0.626,0.653,2.99
Bareilly,2009,0.612,0.42,0.461,0.61,0.681,2.79
Bareilly,2010,0.549,0.388,0.398,0.51,0.663,2.91
Bareilly,2011,0.612,0.42,0.426,0.554,0.564,3.25
Bareilly,2012,0.633,0.442,0.437,0.481,0.634,3.07
Bareilly,2013,0.693,0.424,0.503,0.64,0.686,3.15
Bareilly,2014,0.583,0.382,0.503,0.665,0.68,1.86
Bareilly,2015,0.555,0.408,0.434,0.546,0.622,2.93
Bareilly,2016,0.53,0.43,0.46,0.633,0.679,3.66
Bareilly,2017,0.621,0.448,0.535,0.593,0.663,3.67
Bareilly,2018,0.615,0.447,0.493,0.631,0.674,3.91
Basti,2006,0.662,0.423,0.478,0.539,0.625,2.37
Basti,2007,0.63,0.461,0.456,0.588,0.6,2.42
Basti,2008,0.573,0.41,0.413,0.623,0.639,2.78
Basti,2009,0.62,0.433,0.429,0.579,0.661,2.46
Basti,2010,0.677,0.483,0.4,0.511,0.659,2.77
Basti,2011,0.62,0.433,0.415,0.599,0.659,3.15
Basti,2012,0.66,0.467,0.377,0.545,0.686,2.91
Basti,2013,0.694,0.471,0.47,0.582,0.682,3.22
Basti,2014,0.657,0.434,0.465,0.622,0.667,2.12
Basti,2015,0.641,0.414,0.364,0.516,0.653,2.62
Basti,2016,0.662,0.438,0.401,0.628,0.704,3.18
Basti,2017,0.673,0.454,0.449,0.59,0.697,3.94
Basti,2018,0.642,0.449,0.412,0.64,0.718,3.76
Bijnor,2006,0.65,0.532,0.487,0.485,0.562,2.95
Bijnor,2007,0.621,0.512,0.448,0.49,0.498,2.93
Bijnor,2008,0.578,0.488,0.454,0.55,0.592,2.99
Bijnor,2009,0.641,0.507,0.435,0.493,0.562,2.86
Bijnor,2010,0.618,0.499,0.455,0.441,0.562,3.05
Bijnor,2011,0.641,0.507,0.452,0.485,0.514,3.2
Bijnor,2012,0.658,0.547,0.483,0.459,0.572,3.19
Bijnor,2013,0.692,0.535,0.496,0.507,0.59,3.3
Bijnor,2014,0.668,0.514,0.482,0.56,0.564,2.7
Bijnor,2015,0.686,0.534,0.478,0.465,0.545,3.1
Bijnor,2016,0.624,0.539,0.476,0.539,0.581,3.46
Bijnor,2017,0.667,0.539,0.521,0.511,0.565,3.62
Bijnor,2018,0.645,0.561,0.512,0.528,0.573,3.75
Bulandsahar,2006,0.517,0.404,0.509,0.569,0.7,3.77
Bulandsahar,2007,0.509,0.404,0.383,0.613,0.618,3.57
Bulandsahar,2008,0.535,0.412,0.433,0.626,0.708,3.96
Bulandsahar,2009,0.571,0.419,0.415,0.619,0.696,3.71
Bulandsahar,2010,0.552,0.414,0.393,0.51,0.713,3.95
Bulandsahar,2011,0.571,0.419,0.425,0.6,0.616,4.22
Bulandsahar,2012,0.542,0.415,0.444,0.561,0.691,4.03
Bulandsahar,2013,0.576,0.418,0.514,0.649,0.722,4.12
Bulandsahar,2014,0.523,0.369,0.502,0.702,0.708,2.73
Bulandsahar,2015,0.549,0.398,0.466,0.557,0.67,3.87
Bulandsahar,2016,0.508,0.423,0.463,0.675,0.728,4.27
Bulandsahar,2017,0.535,0.421,0.532,0.649,0.707,4.54
Bulandsahar,2018,0.558,0.426,0.501,0.668,0.7,4.53
Chandauli,2006,0.698,0.52,0.375,0.466,0.663,2.26
Chandauli,2007,0.745,0.621,0.34,0.624,0.637,2.26
Chandauli,2008,0.721,0.487,0.338,0.579,0.617,2.32
Chandauli,2009,0.659,0.563,0.39,0.534,0.667,2.07
Chandauli,2010,0.736,0.625,0.346,0.465,0.656,2.54
Chandauli,2011,0.659,0.563,0.338,0.531,0.637,2.54
Chandauli,2012,0.722,0.625,0.337,0.508,0.692,2.99
Chandauli,2013,0.752,0.598,0.352,0.544,0.69,2.63
Chandauli,2014,0.746,0.575,0.35,0.609,0.659,1.47
Chandauli,2015,0.731,0.601,0.324,0.46,0.64,1.92
Chandauli,2016,0.772,0.566,0.336,0.618,0.694,2.88
Chandauli,2017,0.763,0.589,0.347,0.561,0.657,3.37
Chandauli,2018,0.726,0.628,0.332,0.597,0.691,3.75
Deoria,2006,0.67,0.421,0.538,0.565,0.706,2.51
Deoria,2007,0.628,0.4,0.469,0.657,0.649,2.75
Deoria,2008,0.571,0.365,0.456,0.708,0.69,2.72
Deoria,2009,0.586,0.391,0.4,0.639,0.695,2.54
Deoria,2010,0.658,0.484,0.419,0.639,0.718,2.96
Deoria,2011,0.587,0.391,0.45,0.678,0.698,3.08
Deoria,2012,0.625,0.426,0.388,0.616,0.741,3.11
Deoria,2013,0.666,0.441,0.439,0.532,0.737,3.02
Deoria,2014,0.671,0.42,0.502,0.688,0.685,1.88
Deoria,2015,0.583,0.397,0.399,0.614,0.713,2.54
Deoria,2016,0.645,0.423,0.436,0.742,0.745,3.34
Deoria,2017,0.639,0.415,0.474,0.654,0.745,3.14
Deoria,2018,0.604,0.383,0.465,0.714,0.737,3.33
Etah,2006,0.378,0.337,0.468,0.574,0.709,2.83
Etah,2007,0.431,0.336,0.374,0.591,0.597,2.81
Etah,2008,0.418,0.381,0.447,0.605,0.652,3.22
Etah,2009,0.437,0.362,0.495,0.643,0.692,3.04
Etah,2010,0.459,0.348,0.387,0.541,0.71,3.24
Etah,2011,0.437,0.362,0.412,0.587,0.626,3.51
Etah,2012,0.471,0.361,0.419,0.593,0.714,3.39
Etah,2013,0.512,0.378,0.522,0.679,0.729,3.62
Etah,2014,0.476,0.318,0.397,0.7,0.72,1.98
Etah,2015,0.407,0.312,0.444,0.613,0.679,2.9
Etah,2016,0.402,0.347,0.48,0.683,0.74,3.88
Etah,2017,0.478,0.355,0.536,0.684,0.73,3.91
Etah,2018,0.506,0.389,0.501,0.691,0.709,3.84
Etawah,2006,0.493,0.392,0.441,0.567,0.673,3.23
Etawah,2007,0.451,0.318,0.392,0.583,0.595,2.78
Etawah,2008,0.517,0.413,0.46,0.626,0.641,3.48
Etawah,2009,0.534,0.408,0.467,0.622,0.671,2.91
Etawah,2010,0.549,0.448,0.409,0.535,0.681,3.52
Etawah,2011,0.534,0.408,0.439,0.599,0.622,3.85
Etawah,2012,0.567,0.394,0.422,0.584,0.71,3.91
Etawah,2013,0.587,0.429,0.524,0.688,0.701,3.73
Etawah,2014,0.56,0.353,0.457,0.699,0.704,1.71
Etawah,2015,0.498,0.405,0.471,0.603,0.674,3.33
Etawah,2016,0.523,0.371,0.495,0.683,0.728,4.14
Etawah,2017,0.579,0.376,0.561,0.688,0.716,3.75
Etawah,2018,0.579,0.386,0.51,0.689,0.709,4.37
Faizabad,2006,0.649,0.442,0.488,0.555,0.62,2.69
Faizabad,2007,0.656,0.456,0.432,0.572,0.595,2.76
Faizabad,2008,0.609,0.437,0.441,0.615,0.632,2.82
Faizabad,2009,0.632,0.462,0.433,0.576,0.659,2.62
Faizabad,2010,0.663,0.514,0.41,0.509,0.654,2.82
Faizabad,2011,0.632,0.462,0.416,0.588,0.639,2.96
Faizabad,2012,0.641,0.461,0.406,0.533,0.684,2.96
Faizabad,2013,0.703,0.476,0.444,0.575,0.665,2.47
Faizabad,2014,0.653,0.437,0.476,0.648,0.677,2.06
Faizabad,2015,0.625,0.404,0.408,0.549,0.624,2.74
Faizabad,2016,0.666,0.466,0.425,0.62,0.689,3.29
Faizabad,2017,0.666,0.481,0.465,0.59,0.655,3.78
Faizabad,2018,0.646,0.485,0.428,0.598,0.695,3.89
Farukkhabad,2006,0.389,0.421,0.512,0.526,0.623,3.26
Farukkhabad,2007,0.414,0.348,0.439,0.538,0.537,3.17
Farukkhabad,2008,0.39,0.414,0.518,0.573,0.582,3.44
Farukkhabad,2009,0.419,0.414,0.556,0.587,0.622,3.46
Farukkhabad,2010,0.389,0.41,0.462,0.511,0.628,3.58
Farukkhabad,2011,0.419,0.414,0.507,0.548,0.564,3.79
Farukkhabad,2012,0.439,0.411,0.486,0.533,0.649,3.61
Farukkhabad,2013,0.445,0.458,0.562,0.628,0.655,3.48
Farukkhabad,2014,0.399,0.425,0.478,0.617,0.629,2.34
Farukkhabad,2015,0.367,0.385,0.501,0.531,0.57,3.17
Farukkhabad,2016,0.356,0.422,0.528,0.623,0.623,3.92
Farukkhabad,2017,0.464,0.446,0.581,0.635,0.647,4.5
Farukkhabad,2018,0.411,0.469,0.554,0.619,0.628,4.28
Fatehpur,2006,0.474,0.405,0.51,0.562,0.59,2.47
Fatehpur,2007,0.484,0.374,0.423,0.536,0.557,2.58
Fatehpur,2008,0.477,0.415,0.487,0.613,0.616,2.9
Fatehpur,2009,0.497,0.435,0.537,0.631,0.673,2.74
Fatehpur,2010,0.509,0.435,0.429,0.531,0.64,3.27
Fatehpur,2011,0.497,0.435,0.43,0.582,0.664,3.28
Fatehpur,2012,0.521,0.399,0.437,0.563,0.677,3.28
Fatehpur,2013,0.561,0.444,0.467,0.607,0.688,3.42
Fatehpur,2014,0.525,0.39,0.484,0.67,0.677,1.96
Fatehpur,2015,0.448,0.348,0.414,0.578,0.64,2.48
Fatehpur,2016,0.529,0.419,0.478,0.668,0.679,3.49
Fatehpur,2017,0.552,0.414,0.52,0.653,0.691,3.48
Fatehpur,2018,0.52,0.409,0.493,0.663,0.721,3.99
Firozabad,2006,0.364,0.335,0.536,0.621,0.685,2.93
Firozabad,2007,0.364,0.29,0.472,0.606,0.607,3.28
Firozabad,2008,0.402,0.365,0.532,0.633,0.619,3.45
Firozabad,2009,0.411,0.368,0.576,0.653,0.668,3.36
Firozabad,2010,0.43,0.346,0.474,0.62,0.69,3.64
Firozabad,2011,0.411,0.368,0.497,0.637,0.616,3.61
Firozabad,2012,0.445,0.366,0.497,0.628,0.708,3.71
Firozabad,2013,0.494,0.385,0.612,0.717,0.693,3.61
Firozabad,2014,0.454,0.35,0.521,0.713,0.706,1.92
Firozabad,2015,0.387,0.301,0.536,0.643,0.67,3.29
Firozabad,2016,0.381,0.357,0.569,0.696,0.713,3.8
Firozabad,2017,0.449,0.354,0.608,0.707,0.701,3.4
Firozabad,2018,0.493,0.371,0.546,0.71,0.694,3.77
Gautambudhnagar,2006,0.469,0.278,0.427,0.539,0.687,2.88
Gautambudhnagar,2007,0.453,0.249,0.326,0.594,0.601,3.17
Gautambudhnagar,2008,0.487,0.297,0.396,0.598,0.648,3.48
Gautambudhnagar,2009,0.531,0.296,0.327,0.538,0.619,3.58
Gautambudhnagar,2010,0.498,0.305,0.31,0.463,0.646,3.73
Gautambudhnagar,2011,0.531,0.296,0.364,0.532,0.562,3.75
Gautambudhnagar,2012,0.469,0.276,0.343,0.506,0.641,3.89
Gautambudhnagar,2013,0.515,0.285,0.43,0.585,0.657,4.18
Gautambudhnagar,2014,0.462,0.256,0.359,0.59,0.623,2.15
Gautambudhnagar,2015,0.474,0.279,0.374,0.515,0.583,3.42
Gautambudhnagar,2016,0.447,0.279,0.378,0.592,0.648,4.08
Gautambudhnagar,2017,0.505,0.309,0.463,0.582,0.635,3.9
Gautambudhnagar,2018,0.541,0.317,0.431,0.602,0.649,4.14
Gazipur,2006,0.609,0.467,0.434,0.506,0.671,2.43
Gazipur,2007,0.658,0.456,0.389,0.621,0.633,2.42
Gazipur,2008,0.615,0.423,0.392,0.602,0.626,2.66
Gazipur,2009,0.595,0.474,0.409,0.565,0.664,2.33
Gazipur,2010,0.636,0.521,0.398,0.547,0.646,2.7
Gazipur,2011,0.595,0.474,0.398,0.601,0.652,2.81
Gazipur,2012,0.615,0.496,0.383,0.579,0.707,2.87
Gazipur,2013,0.623,0.455,0.397,0.608,0.702,2.63
Gazipur,2014,0.661,0.47,0.436,0.642,0.65,1.77
Gazipur,2015,0.626,0.502,0.405,0.589,0.67,2.39
Gazipur,2016,0.662,0.382,0.418,0.681,0.7,3.21
Gazipur,2017,0.641,0.451,0.444,0.614,0.688,2.97
Gazipur,2018,0.616,0.473,0.397,0.637,0.7,3.3
Ghaziabad,2006,0.512,0.387,0.444,0.472,0.611,4.01
Ghaziabad,2007,0.47,0.349,0.346,0.489,0.494,3.59
Ghaziabad,2008,0.515,0.385,0.364,0.531,0.613,4.03
Ghaziabad,2009,0.542,0.373,0.353,0.477,0.592,3.52
Ghaziabad,2010,0.521,0.4,0.35,0.392,0.608,4.16
Ghaziabad,2011,0.542,0.374,0.341,0.468,0.539,4.37
Ghaziabad,2012,0.518,0.383,0.398,0.45,0.61,4.38
Ghaziabad,2013,0.563,0.42,0.422,0.508,0.621,4.11
Ghaziabad,2014,0.477,0.352,0.362,0.53,0.567,3.26
Ghaziabad,2015,0.52,0.41,0.39,0.395,0.544,3.61
Ghaziabad,2016,0.489,0.385,0.368,0.558,0.602,4.16
Ghaziabad,2017,0.542,0.409,0.425,0.479,0.571,4.03
Ghaziabad,2018,0.563,0.437,0.399,0.5,0.574,4.25
Gonda,2006,0.615,0.441,0.467,0.544,0.594,2.74
Gonda,2007,0.633,0.468,0.466,0.563,0.577,2.78
Gonda,2008,0.577,0.437,0.448,0.608,0.618,2.91
Gonda,2009,0.62,0.474,0.442,0.549,0.629,2.72
Gonda,2010,0.659,0.503,0.42,0.506,0.623,2.93
Gonda,2011,0.62,0.474,0.422,0.571,0.61,3.01
Gonda,2012,0.654,0.494,0.409,0.48,0.642,2.91
Gonda,2013,0.714,0.511,0.482,0.568,0.642,2.98
Gonda,2014,0.653,0.457,0.462,0.595,0.637,2.59
Gonda,2015,0.642,0.43,0.393,0.473,0.588,2.77
Gonda,2016,0.647,0.444,0.417,0.61,0.646,3.1
Gonda,2017,0.657,0.499,0.455,0.535,0.617,3
Gonda,2018,0.653,0.497,0.41,0.56,0.638,3.15
Gorakhpur,2006,0.619,0.368,0.56,0.599,0.701,2.53
Gorakhpur,2007,0.558,0.368,0.497,0.676,0.671,2.75
Gorakhpur,2008,0.536,0.359,0.486,0.711,0.696,2.72
Gorakhpur,2009,0.587,0.378,0.468,0.653,0.708,2.65
Gorakhpur,2010,0.615,0.441,0.417,0.647,0.729,2.93
Gorakhpur,2011,0.588,0.378,0.481,0.689,0.713,3.06
Gorakhpur,2012,0.575,0.394,0.391,0.648,0.77,3.11
Gorakhpur,2013,0.619,0.422,0.511,0.61,0.749,3.25
Gorakhpur,2014,0.633,0.405,0.506,0.693,0.695,1.74
Gorakhpur,2015,0.558,0.372,0.394,0.602,0.707,2.23
Gorakhpur,2016,0.614,0.384,0.445,0.725,0.738,3.65
Gorakhpur,2017,0.57,0.395,0.537,0.686,0.752,4.24
Gorakhpur,2018,0.556,0.354,0.446,0.717,0.75,4.02
Hamirpur,2006,0.327,0.381,0.549,0.577,0.496,2.04
Hamirpur,2007,0.32,0.301,0.406,0.465,0.47,1.86
Hamirpur,2008,0.323,0.374,0.61,0.653,0.546,2.47
Hamirpur,2009,0.355,0.47,0.675,0.684,0.647,2.52
Hamirpur,2010,0.372,0.4,0.503,0.582,0.595,2.67
Hamirpur,2011,0.355,0.47,0.507,0.616,0.613,2.91
Hamirpur,2012,0.384,0.37,0.479,0.585,0.649,2.85
Hamirpur,2013,0.409,0.439,0.59,0.713,0.715,2.68
Hamirpur,2014,0.378,0.351,0.487,0.675,0.682,1.52
Hamirpur,2015,0.354,0.284,0.312,0.438,0.532,1.75
Hamirpur,2016,0.358,0.366,0.554,0.683,0.663,3.04
Hamirpur,2017,0.343,0.389,0.584,0.645,0.606,3.13
Hamirpur,2018,0.389,0.337,0.461,0.629,0.673,3.21
Jalaun,2006,0.305,0.319,0.574,0.644,0.611,2.82
Jalaun,2007,0.323,0.26,0.401,0.534,0.534,1.69
Jalaun,2008,0.33,0.379,0.639,0.69,0.562,3.16
Jalaun,2009,0.349,0.395,0.642,0.702,0.678,2.8
Jalaun,2010,0.335,0.359,0.476,0.618,0.702,3.2
Jalaun,2011,0.349,0.395,0.553,0.677,0.655,3.36
Jalaun,2012,0.41,0.329,0.492,0.658,0.71,3.21
Jalaun,2013,0.413,0.42,0.643,0.722,0.728,2.98
Jalaun,2014,0.372,0.363,0.514,0.73,0.74,1.33
Jalaun,2015,0.338,0.261,0.388,0.58,0.652,1.88
Jalaun,2016,0.331,0.361,0.603,0.683,0.67,3.72
Jalaun,2017,0.365,0.359,0.599,0.694,0.662,3.62
Jalaun,2018,0.396,0.382,0.546,0.69,0.683,3.71
Jaunpur,2006,0.57,0.421,0.49,0.556,0.629,2.68
Jaunpur,2007,0.619,0.436,0.425,0.588,0.611,2.65
Jaunpur,2008,0.523,0.393,0.466,0.618,0.614,2.86
Jaunpur,2009,0.565,0.434,0.452,0.617,0.651,2.72
Jaunpur,2010,0.594,0.464,0.451,0.573,0.636,2.85
Jaunpur,2011,0.565,0.434,0.445,0.611,0.639,3.18
Jaunpur,2012,0.578,0.419,0.426,0.583,0.683,3.11
Jaunpur,2013,0.61,0.437,0.487,0.606,0.674,2.86
Jaunpur,2014,0.6,0.423,0.495,0.669,0.646,1.94
Jaunpur,2015,0.554,0.4,0.405,0.587,0.645,2.66
Jaunpur,2016,0.637,0.43,0.433,0.676,0.692,3.23
Jaunpur,2017,0.592,0.421,0.482,0.629,0.691,3.54
Jaunpur,2018,0.594,0.428,0.428,0.663,0.699,3.71
Jhansi,2006,0.315,0.318,0.484,0.524,0.47,2.08
Jhansi,2007,0.308,0.263,0.371,0.438,0.444,1.9
Jhansi,2008,0.344,0.41,0.644,0.689,0.566,2.72
Jhansi,2009,0.365,0.466,0.666,0.692,0.64,2.48
Jhansi,2010,0.353,0.385,0.535,0.619,0.633,2.7
Jhansi,2011,0.364,0.466,0.522,0.646,0.628,3.13
Jhansi,2012,0.438,0.356,0.507,0.639,0.68,2.78
Jhansi,2013,0.429,0.448,0.602,0.725,0.719,1.53
Jhansi,2014,0.407,0.354,0.501,0.7,0.711,1.18
Jhansi,2015,0.357,0.298,0.363,0.528,0.57,2.12
Jhansi,2016,0.365,0.337,0.539,0.678,0.654,3.07
Jhansi,2017,0.412,0.345,0.506,0.595,0.57,2.63
Jhansi,2018,0.485,0.361,0.45,0.666,0.693,3.26
Kannauj,2006,0.381,0.43,0.517,0.563,0.619,3.49
Kannauj,2007,0.367,0.365,0.463,0.566,0.562,3.48
Kannauj,2008,0.38,0.427,0.51,0.594,0.566,3.58
Kannauj,2009,0.38,0.427,0.563,0.613,0.643,3.46
Kannauj,2010,0.389,0.444,0.506,0.552,0.644,3.57
Kannauj,2011,0.379,0.427,0.507,0.578,0.583,3.74
Kannauj,2012,0.418,0.449,0.507,0.567,0.669,3.84
Kannauj,2013,0.446,0.479,0.593,0.665,0.655,3.83
Kannauj,2014,0.398,0.497,0.524,0.642,0.614,1.41
Kannauj,2015,0.373,0.424,0.545,0.566,0.575,3.25
Kannauj,2016,0.354,0.474,0.564,0.628,0.616,4.12
Kannauj,2017,0.445,0.457,0.599,0.658,0.652,4.53
Kannauj,2018,0.393,0.505,0.579,0.637,0.647,4.6
Kanpur Dehat,2006,0.462,0.368,0.458,0.596,0.636,3.44
Kanpur Dehat,2007,0.481,0.344,0.375,0.565,0.579,3.31
Kanpur Dehat,2008,0.474,0.425,0.458,0.61,0.625,3.7
Kanpur Dehat,2009,0.508,0.407,0.519,0.64,0.69,3.46
Kanpur Dehat,2010,0.534,0.455,0.433,0.552,0.702,3.91
Kanpur Dehat,2011,0.508,0.407,0.415,0.604,0.679,3.96
Kanpur Dehat,2012,0.533,0.385,0.396,0.549,0.698,3.62
Kanpur Dehat,2013,0.583,0.42,0.51,0.661,0.725,3.59
Kanpur Dehat,2014,0.533,0.348,0.378,0.667,0.698,1.67
Kanpur Dehat,2015,0.466,0.364,0.432,0.587,0.668,3.01
Kanpur Dehat,2016,0.504,0.371,0.458,0.674,0.712,4.59
Kanpur Dehat,2017,0.547,0.374,0.506,0.674,0.716,4.28
Kanpur Dehat,2018,0.536,0.394,0.479,0.686,0.727,4.43
Kanpur Nagar,2006,0.399,0.38,0.472,0.578,0.604,3.01
Kanpur Nagar,2007,0.429,0.36,0.412,0.552,0.562,2.67
Kanpur Nagar,2008,0.44,0.427,0.477,0.595,0.606,2.94
Kanpur Nagar,2009,0.494,0.417,0.519,0.621,0.67,2.95
Kanpur Nagar,2010,0.487,0.428,0.45,0.554,0.67,3.48
Kanpur Nagar,2011,0.494,0.417,0.429,0.571,0.643,3.46
Kanpur Nagar,2012,0.496,0.411,0.436,0.539,0.674,3.56
Kanpur Nagar,2013,0.549,0.446,0.496,0.601,0.681,3.84
Kanpur Nagar,2014,0.475,0.397,0.448,0.65,0.659,1.51
Kanpur Nagar,2015,0.422,0.364,0.426,0.547,0.623,2.12
Kanpur Nagar,2016,0.487,0.407,0.472,0.641,0.681,4.06
Kanpur Nagar,2017,0.512,0.41,0.495,0.64,0.676,3.85
Kanpur Nagar,2018,0.481,0.417,0.487,0.66,0.69,4.17
Kaushambi,2006,0.564,0.399,0.463,0.529,0.583,2.18
Kaushambi,2007,0.578,0.413,0.409,0.536,0.569,2.08
Kaushambi,2008,0.519,0.405,0.491,0.614,0.597,2.6
Kaushambi,2009,0.526,0.428,0.509,0.615,0.626,2.38
Kaushambi,2010,0.531,0.448,0.423,0.534,0.607,2.69
Kaushambi,2011,0.526,0.428,0.43,0.588,0.634,2.89
Kaushambi,2012,0.518,0.404,0.426,0.571,0.67,2.9
Kaushambi,2013,0.544,0.449,0.456,0.585,0.668,2.43
Kaushambi,2014,0.586,0.393,0.431,0.652,0.656,1.53
Kaushambi,2015,0.489,0.326,0.406,0.566,0.607,2.18
Kaushambi,2016,0.586,0.433,0.444,0.659,0.665,3.29
Kaushambi,2017,0.57,0.406,0.481,0.637,0.662,3.17
Kaushambi,2018,0.57,0.424,0.465,0.643,0.683,3.49
Kheri,2006,0.62,0.472,0.495,0.514,0.575,3.02
Kheri,2007,0.631,0.482,0.473,0.517,0.527,3.19
Kheri,2008,0.562,0.434,0.456,0.565,0.581,3.36
Kheri,2009,0.6,0.46,0.451,0.524,0.592,2.97
Kheri,2010,0.615,0.487,0.466,0.495,0.563,3.41
Kheri,2011,0.6,0.46,0.457,0.531,0.525,3.41
Kheri,2012,0.64,0.497,0.475,0.461,0.581,3.48
Kheri,2013,0.666,0.485,0.502,0.582,0.599,3.61
Kheri,2014,0.639,0.474,0.512,0.589,0.593,2.68
Kheri,2015,0.647,0.499,0.454,0.516,0.545,3.39
Kheri,2016,0.632,0.48,0.48,0.563,0.592,3.78
Kheri,2017,0.663,0.522,0.525,0.516,0.562,4.11
Kheri,2018,0.647,0.498,0.482,0.541,0.59,4.25
Kushi Nagar,2006,0.618,0.471,0.509,0.515,0.632,2.79
Kushi Nagar,2007,0.644,0.464,0.438,0.58,0.566,3.08
Kushi Nagar,2008,0.603,0.404,0.453,0.613,0.598,2.87
Kushi Nagar,2009,0.602,0.432,0.43,0.551,0.636,2.61
Kushi Nagar,2010,0.682,0.498,0.391,0.516,0.636,2.9
Kushi Nagar,2011,0.602,0.432,0.448,0.569,0.613,3.02
Kushi Nagar,2012,0.661,0.469,0.308,0.507,0.643,2.91
Kushi Nagar,2013,0.705,0.489,0.422,0.478,0.636,3.04
Kushi Nagar,2014,0.668,0.455,0.463,0.584,0.597,1.66
Kushi Nagar,2015,0.654,0.517,0.432,0.548,0.617,2.34
Kushi Nagar,2016,0.653,0.482,0.432,0.634,0.623,2.98
Kushi Nagar,2017,0.704,0.519,0.499,0.554,0.624,3.5
Kushi Nagar,2018,0.635,0.478,0.466,0.603,0.616,3.19
Lalitpur,2006,0.389,0.424,0.591,0.587,0.478,1.86
Lalitpur,2007,0.408,0.344,0.462,0.478,0.444,1.58
Lalitpur,2008,0.391,0.444,0.643,0.678,0.565,2.09
Lalitpur,2009,0.435,0.465,0.681,0.718,0.619,2.39
Lalitpur,2010,0.414,0.42,0.634,0.661,0.633,2.36
Lalitpur,2011,0.435,0.465,0.572,0.7,0.631,2.6
Lalitpur,2012,0.483,0.369,0.553,0.679,0.694,2.68
Lalitpur,2013,0.46,0.415,0.564,0.776,0.752,2.09
Lalitpur,2014,0.443,0.353,0.571,0.744,0.74,2.12
Lalitpur,2015,0.34,0.328,0.44,0.6,0.614,1.74
Lalitpur,2016,0.382,0.403,0.626,0.735,0.668,3.07
Lalitpur,2017,0.422,0.444,0.68,0.716,0.613,2.78
Lalitpur,2018,0.455,0.363,0.569,0.752,0.752,3.41
Lucknow,2006,0.506,0.406,0.503,0.561,0.603,2.67
Lucknow,2007,0.557,0.384,0.392,0.542,0.56,2.58
Lucknow,2008,0.517,0.412,0.464,0.59,0.59,2.73
Lucknow,2009,0.563,0.43,0.458,0.579,0.626,2.66
Lucknow,2010,0.57,0.459,0.398,0.507,0.628,2.83
Lucknow,2011,0.563,0.43,0.413,0.569,0.626,2.7
Lucknow,2012,0.599,0.385,0.398,0.537,0.654,2.87
Lucknow,2013,0.629,0.412,0.454,0.596,0.652,2.97
Lucknow,2014,0.609,0.463,0.495,0.646,0.662,1.82
Lucknow,2015,0.532,0.401,0.399,0.526,0.591,2.24
Lucknow,2016,0.57,0.42,0.428,0.608,0.649,2.84
Lucknow,2017,0.613,0.432,0.443,0.587,0.62,3.26
Lucknow,2018,0.555,0.417,0.427,0.595,0.649,3.6
Maharajganj,2006,0.634,0.395,0.56,0.599,0.713,2.78
Maharajganj,2007,0.673,0.423,0.456,0.662,0.645,2.97
Maharajganj,2008,0.668,0.386,0.502,0.672,0.671,2.82
Maharajganj,2009,0.69,0.403,0.458,0.643,0.733,2.94
Maharajganj,2010,0.718,0.437,0.436,0.643,0.732,3.18
Maharajganj,2011,0.69,0.403,0.524,0.69,0.708,3.29
Maharajganj,2012,0.67,0.429,0.321,0.645,0.75,3.31
Maharajganj,2013,0.736,0.426,0.407,0.617,0.732,3.36
Maharajganj,2014,0.686,0.453,0.487,0.668,0.712,2.37
Maharajganj,2015,0.671,0.476,0.444,0.631,0.724,3
Maharajganj,2016,0.698,0.411,0.448,0.716,0.735,3.53
Maharajganj,2017,0.672,0.464,0.546,0.704,0.757,3.55
Maharajganj,2018,0.612,0.414,0.534,0.738,0.757,4.13
Mahoba,2006,0.327,0.395,0.542,0.532,0.438,1.33
Mahoba,2007,0.334,0.285,0.322,0.349,0.354,0.57
Mahoba,2008,0.351,0.361,0.616,0.65,0.533,2.08
Mahoba,2009,0.36,0.472,0.68,0.68,0.628,1.56
Mahoba,2010,0.371,0.395,0.518,0.582,0.538,1.24
Mahoba,2011,0.36,0.472,0.521,0.622,0.58,1.84
Mahoba,2012,0.415,0.369,0.486,0.58,0.618,1.98
Mahoba,2013,0.415,0.442,0.567,0.717,0.705,1.72
Mahoba,2014,0.412,0.349,0.474,0.661,0.668,0.98
Mahoba,2015,0.343,0.292,0.282,0.332,0.365,0.79
Mahoba,2016,0.355,0.328,0.504,0.631,0.597,2.53
Mahoba,2017,0.427,0.345,0.417,0.458,0.432,1.79
Mahoba,2018,0.473,0.351,0.377,0.503,0.53,2.82
Mainpuri,2006,0.444,0.381,0.444,0.535,0.678,2.98
Mainpuri,2007,0.446,0.363,0.377,0.566,0.574,3.16
Mainpuri,2008,0.458,0.395,0.459,0.597,0.618,3.35
Mainpuri,2009,0.476,0.389,0.482,0.598,0.659,3.25
Mainpuri,2010,0.484,0.385,0.384,0.503,0.67,3.49
Mainpuri,2011,0.475,0.388,0.434,0.573,0.598,3.74
Mainpuri,2012,0.502,0.388,0.428,0.567,0.691,3.6
Mainpuri,2013,0.527,0.408,0.516,0.654,0.688,3.79
Mainpuri,2014,0.496,0.369,0.425,0.675,0.683,2.33
Mainpuri,2015,0.461,0.393,0.464,0.57,0.637,3.33
Mainpuri,2016,0.456,0.378,0.497,0.66,0.703,4.01
Mainpuri,2017,0.538,0.373,0.543,0.671,0.708,4.42
Mainpuri,2018,0.52,0.392,0.514,0.676,0.696,4.44
Mathura,2006,0.338,0.291,0.551,0.654,0.734,2.85
Mathura,2007,0.375,0.26,0.481,0.664,0.656,3.65
Mathura,2008,0.381,0.362,0.622,0.709,0.677,3.83
Mathura,2009,0.439,0.346,0.523,0.713,0.717,3.22
Mathura,2010,0.48,0.319,0.459,0.653,0.756,3.75
Mathura,2011,0.439,0.346,0.546,0.703,0.68,3.69
Mathura,2012,0.463,0.365,0.512,0.664,0.719,3.74
Mathura,2013,0.496,0.344,0.591,0.751,0.763,3.49
Mathura,2014,0.466,0.301,0.506,0.74,0.743,2.1
Mathura,2015,0.447,0.291,0.553,0.661,0.725,3.45
Mathura,2016,0.425,0.323,0.572,0.732,0.747,4.1
Mathura,2017,0.406,0.356,0.629,0.743,0.74,3.52
Mathura,2018,0.487,0.362,0.634,0.76,0.739,4.17
Mau,2006,0.652,0.423,0.483,0.522,0.683,2.43
Mau,2007,0.65,0.414,0.388,0.629,0.637,2.57
Mau,2008,0.589,0.382,0.414,0.661,0.658,2.76
Mau,2009,0.586,0.421,0.381,0.617,0.677,2.4
Mau,2010,0.653,0.51,0.393,0.602,0.686,2.82
Mau,2011,0.586,0.421,0.398,0.634,0.675,3
Mau,2012,0.618,0.459,0.372,0.598,0.73,3.32
Mau,2013,0.672,0.46,0.433,0.577,0.72,3.05
Mau,2014,0.648,0.425,0.456,0.688,0.672,2.09
Mau,2015,0.609,0.444,0.366,0.566,0.69,2.5
Mau,2016,0.66,0.395,0.412,0.702,0.724,3.33
Mau,2017,0.631,0.431,0.529,0.62,0.726,3.7
Mau,2018,0.612,0.413,0.387,0.662,0.725,3.85
Meerut,2006,0.566,0.507,0.529,0.526,0.621,3.72
Meerut,2007,0.553,0.47,0.443,0.523,0.526,3.7
Meerut,2008,0.581,0.48,0.454,0.569,0.646,3.59
Meerut,2009,0.589,0.467,0.445,0.517,0.612,3.67
Meerut,2010,0.558,0.489,0.437,0.439,0.618,4.08
Meerut,2011,0.589,0.467,0.431,0.512,0.565,4.21
Meerut,2012,0.607,0.503,0.488,0.473,0.611,4.13
Meerut,2013,0.64,0.517,0.489,0.523,0.628,4.29
Meerut,2014,0.598,0.475,0.462,0.575,0.602,3.22
Meerut,2015,0.604,0.507,0.473,0.479,0.582,4.09
Meerut,2016,0.585,0.518,0.467,0.575,0.635,4.36
Meerut,2017,0.619,0.496,0.512,0.529,0.602,4.36
Meerut,2018,0.607,0.535,0.475,0.533,0.592,4.66
Mirzapur,2006,0.614,0.437,0.444,0.491,0.557,2.03
Mirzapur,2007,0.617,0.468,0.382,0.538,0.555,1.9
Mirzapur,2008,0.577,0.419,0.423,0.555,0.537,1.97
Mirzapur,2009,0.551,0.462,0.502,0.584,0.58,1.99
Mirzapur,2010,0.619,0.521,0.388,0.478,0.566,2.31
Mirzapur,2011,0.551,0.462,0.401,0.561,0.599,2.46
Mirzapur,2012,0.623,0.511,0.383,0.522,0.631,2.62
Mirzapur,2013,0.651,0.538,0.393,0.585,0.644,2.55
Mirzapur,2014,0.664,0.495,0.41,0.613,0.618,1.78
Mirzapur,2015,0.575,0.437,0.379,0.498,0.561,1.77
Mirzapur,2016,0.673,0.476,0.406,0.6,0.633,2.79
Mirzapur,2017,0.621,0.477,0.401,0.534,0.574,2.95
Mirzapur,2018,0.623,0.503,0.386,0.605,0.644,3.15
Moradabad,2006,0.644,0.449,0.526,0.567,0.645,3.03
Moradabad,2007,0.646,0.459,0.428,0.562,0.578,2.94
Moradabad,2008,0.573,0.412,0.466,0.638,0.661,3.23
Moradabad,2009,0.633,0.421,0.437,0.594,0.669,2.99
Moradabad,2010,0.551,0.406,0.42,0.512,0.654,3.13
Moradabad,2011,0.633,0.422,0.45,0.549,0.555,3.18
Moradabad,2012,0.639,0.454,0.446,0.534,0.634,3.07
Moradabad,2013,0.706,0.456,0.505,0.632,0.677,3.23
Moradabad,2014,0.616,0.429,0.53,0.668,0.665,1.61
Moradabad,2015,0.61,0.449,0.467,0.538,0.632,3.08
Moradabad,2016,0.546,0.449,0.478,0.614,0.681,3.51
Moradabad,2017,0.621,0.471,0.55,0.594,0.656,3.7
Moradabad,2018,0.608,0.487,0.517,0.613,0.648,4
Muzaffar Nagar,2006,0.608,0.537,0.526,0.519,0.613,3.24
Muzaffar Nagar,2007,0.588,0.513,0.45,0.526,0.526,3.29
Muzaffar Nagar,2008,0.581,0.511,0.472,0.578,0.641,3.28
Muzaffar Nagar,2009,0.625,0.498,0.449,0.525,0.602,3.44
Muzaffar Nagar,2010,0.592,0.518,0.453,0.453,0.612,3.38
Muzaffar Nagar,2011,0.625,0.498,0.45,0.513,0.561,3.93
Muzaffar Nagar,2012,0.632,0.534,0.489,0.479,0.613,3.65
Muzaffar Nagar,2013,0.682,0.546,0.496,0.525,0.626,3.71
Muzaffar Nagar,2014,0.648,0.511,0.47,0.568,0.594,2.81
Muzaffar Nagar,2015,0.661,0.556,0.475,0.483,0.581,3.57
Muzaffar Nagar,2016,0.634,0.563,0.471,0.567,0.626,4.17
Muzaffar Nagar,2017,0.658,0.507,0.519,0.524,0.591,3.99
Muzaffar Nagar,2018,0.646,0.562,0.497,0.539,0.595,4.25
Pilhibhit,2006,0.661,0.428,0.54,0.614,0.668,3.33
Pilhibhit,2007,0.605,0.423,0.521,0.616,0.628,3.7
Pilhibhit,2008,0.561,0.401,0.548,0.671,0.683,3.64
Pilhibhit,2009,0.6,0.433,0.506,0.638,0.699,3.38
Pilhibhit,2010,0.606,0.421,0.507,0.609,0.681,3.79
Pilhibhit,2011,0.6,0.433,0.545,0.631,0.623,3.83
Pilhibhit,2012,0.635,0.461,0.527,0.59,0.678,3.61
Pilhibhit,2013,0.676,0.435,0.559,0.685,0.698,3.66
Pilhibhit,2014,0.627,0.416,0.579,0.682,0.691,2.57
Pilhibhit,2015,0.591,0.424,0.56,0.637,0.666,3.88
Pilhibhit,2016,0.555,0.462,0.578,0.682,0.695,4.2
Pilhibhit,2017,0.643,0.482,0.615,0.629,0.686,4.24
Pilhibhit,2018,0.653,0.461,0.567,0.665,0.7,4.44
Pratapgarh,2006,0.562,0.412,0.49,0.555,0.602,2.44
Pratapgarh,2007,0.633,0.422,0.418,0.545,0.58,2.32
Pratapgarh,2008,0.551,0.403,0.481,0.609,0.59,2.72
Pratapgarh,2009,0.575,0.438,0.479,0.613,0.628,2.38
Pratapgarh,2010,0.584,0.465,0.439,0.573,0.639,2.81
Pratapgarh,2011,0.575,0.438,0.448,0.608,0.643,2.93
Pratapgarh,2012,0.592,0.417,0.446,0.58,0.678,2.82
Pratapgarh,2013,0.651,0.453,0.485,0.614,0.669,2.81
Pratapgarh,2014,0.61,0.429,0.5,0.665,0.643,1.38
Pratapgarh,2015,0.575,0.369,0.431,0.594,0.629,2.19
Pratapgarh,2016,0.625,0.443,0.438,0.664,0.664,3.08
Pratapgarh,2017,0.616,0.425,0.482,0.624,0.656,3.17
Pratapgarh,2018,0.611,0.438,0.457,0.65,0.693,3.42
Rae Bareli,2006,0.515,0.406,0.49,0.575,0.629,2.34
Rae Bareli,2007,0.555,0.403,0.411,0.549,0.571,2.33
Rae Bareli,2008,0.515,0.425,0.45,0.599,0.625,2.55
Rae Bareli,2009,0.541,0.439,0.467,0.603,0.665,2.5
Rae Bareli,2010,0.561,0.456,0.4,0.513,0.658,2.7
Rae Bareli,2011,0.541,0.439,0.402,0.565,0.649,2.87
Rae Bareli,2012,0.571,0.418,0.406,0.56,0.683,2.84
Rae Bareli,2013,0.626,0.453,0.452,0.594,0.685,2.97
Rae Bareli,2014,0.597,0.428,0.482,0.67,0.673,1.61
Rae Bareli,2015,0.538,0.373,0.416,0.581,0.639,1.97
Rae Bareli,2016,0.589,0.436,0.441,0.666,0.702,3.28
Rae Bareli,2017,0.638,0.415,0.472,0.641,0.687,3.36
Rae Bareli,2018,0.575,0.448,0.432,0.652,0.714,3.45
Rampur,2006,0.627,0.416,0.559,0.609,0.672,3.22
Rampur,2007,0.609,0.435,0.476,0.602,0.622,3.38
Rampur,2008,0.525,0.394,0.535,0.674,0.671,3.46
Rampur,2009,0.591,0.405,0.506,0.653,0.692,3.27
Rampur,2010,0.503,0.395,0.467,0.583,0.695,3.4
Rampur,2011,0.591,0.405,0.489,0.589,0.586,3.5
Rampur,2012,0.587,0.419,0.497,0.562,0.666,3.47
Rampur,2013,0.691,0.427,0.577,0.71,0.717,3.45
Rampur,2014,0.555,0.383,0.588,0.716,0.7,1.79
Rampur,2015,0.553,0.414,0.502,0.585,0.672,3.42
Rampur,2016,0.51,0.433,0.529,0.664,0.705,3.92
Rampur,2017,0.591,0.437,0.6,0.648,0.708,4.01
Rampur,2018,0.59,0.433,0.584,0.688,0.7,4.3
Saharanpur,2006,0.63,0.519,0.524,0.526,0.624,2.94
Saharanpur,2007,0.575,0.49,0.453,0.538,0.539,2.88
Saharanpur,2008,0.53,0.471,0.49,0.637,0.664,2.96
Saharanpur,2009,0.628,0.458,0.439,0.575,0.633,3.05
Saharanpur,2010,0.597,0.479,0.445,0.536,0.657,3
Saharanpur,2011,0.628,0.457,0.456,0.568,0.599,3.48
Saharanpur,2012,0.627,0.516,0.477,0.531,0.658,3.39
Saharanpur,2013,0.664,0.515,0.521,0.61,0.678,3.47
Saharanpur,2014,0.624,0.48,0.514,0.637,0.661,2.05
Saharanpur,2015,0.635,0.496,0.475,0.541,0.649,3.36
Saharanpur,2016,0.599,0.506,0.5,0.651,0.688,3.76
Saharanpur,2017,0.642,0.489,0.57,0.614,0.667,3.89
Saharanpur,2018,0.633,0.508,0.552,0.642,0.673,4.22
Sant Kabir Nagar,2006,0.636,0.377,0.531,0.596,0.685,2.46
Sant Kabir Nagar,2007,0.627,0.395,0.488,0.663,0.664,2.64
Sant Kabir Nagar,2008,0.56,0.377,0.472,0.702,0.684,2.7
Sant Kabir Nagar,2009,0.611,0.39,0.476,0.653,0.707,2.76
Sant Kabir Nagar,2010,0.658,0.479,0.432,0.652,0.724,2.77
Sant Kabir Nagar,2011,0.611,0.39,0.483,0.694,0.716,2.91
Sant Kabir Nagar,2012,0.642,0.412,0.39,0.642,0.763,2.98
Sant Kabir Nagar,2013,0.657,0.413,0.556,0.661,0.745,3.3
Sant Kabir Nagar,2014,0.649,0.425,0.518,0.68,0.697,2.48
Sant Kabir Nagar,2015,0.615,0.395,0.386,0.605,0.707,2.54
Sant Kabir Nagar,2016,0.635,0.409,0.435,0.717,0.744,3.38
Sant Kabir Nagar,2017,0.636,0.412,0.514,0.692,0.76,3.21
Sant Kabir Nagar,2018,0.606,0.384,0.447,0.718,0.771,3.36
Sant Ravidas Nagar,2006,0.62,0.417,0.467,0.512,0.621,2.44
Sant Ravidas Nagar,2007,0.651,0.432,0.353,0.542,0.566,2.2
Sant Ravidas Nagar,2008,0.547,0.39,0.449,0.605,0.598,2.61
Sant Ravidas Nagar,2009,0.6,0.429,0.449,0.609,0.633,2.23
Sant Ravidas Nagar,2010,0.652,0.5,0.385,0.501,0.62,2.87
Sant Ravidas Nagar,2011,0.6,0.429,0.393,0.581,0.63,3.14
Sant Ravidas Nagar,2012,0.624,0.469,0.372,0.561,0.687,2.85
Sant Ravidas Nagar,2013,0.625,0.516,0.399,0.535,0.667,2.73
Sant Ravidas Nagar,2014,0.639,0.449,0.42,0.645,0.642,1.54
Sant Ravidas Nagar,2015,0.567,0.384,0.374,0.57,0.644,2.22
Sant Ravidas Nagar,2016,0.666,0.437,0.388,0.638,0.685,3.32
Sant Ravidas Nagar,2017,0.611,0.417,0.426,0.602,0.658,3.81
Sant Ravidas Nagar,2018,0.604,0.45,0.374,0.638,0.683,3.75
Shah Jahanpur,2006,0.554,0.382,0.525,0.603,0.686,3.44
Shah Jahanpur,2007,0.588,0.39,0.461,0.616,0.627,3.6
Shah Jahanpur,2008,0.538,0.368,0.494,0.673,0.695,3.6
Shah Jahanpur,2009,0.592,0.396,0.518,0.654,0.711,3.58
Shah Jahanpur,2010,0.585,0.392,0.432,0.563,0.711,3.6
Shah Jahanpur,2011,0.592,0.396,0.479,0.624,0.629,3.8
Shah Jahanpur,2012,0.656,0.432,0.461,0.561,0.697,3.63
Shah Jahanpur,2013,0.63,0.418,0.569,0.691,0.727,3.66
Shah Jahanpur,2014,0.592,0.363,0.503,0.702,0.73,1.98
Shah Jahanpur,2015,0.545,0.368,0.475,0.643,0.689,3.51
Shah Jahanpur,2016,0.528,0.401,0.491,0.689,0.731,4.21
Shah Jahanpur,2017,0.65,0.413,0.569,0.652,0.706,4
Shah Jahanpur,2018,0.644,0.419,0.521,0.67,0.717,4.47
Shrawasti,2006,0.589,0.411,0.484,0.578,0.65,2.62
Shrawasti,2007,0.626,0.409,0.444,0.591,0.603,2.31
Shrawasti,2008,0.593,0.395,0.43,0.632,0.645,2.67
Shrawasti,2009,0.6,0.425,0.442,0.596,0.654,2.67
Shrawasti,2010,0.652,0.438,0.359,0.523,0.645,2.72
Shrawasti,2011,0.599,0.425,0.403,0.603,0.645,2.95
Shrawasti,2012,0.619,0.458,0.416,0.562,0.691,2.69
Shrawasti,2013,0.687,0.415,0.456,0.638,0.684,3.05
Shrawasti,2014,0.647,0.407,0.518,0.669,0.692,2.68
Shrawasti,2015,0.618,0.449,0.412,0.515,0.627,2.66
Shrawasti,2016,0.634,0.407,0.436,0.65,0.682,3
Shrawasti,2017,0.647,0.445,0.482,0.612,0.687,3.22
Shrawasti,2018,0.612,0.422,0.442,0.598,0.696,3.42
Siddharth Nagar,2006,0.675,0.394,0.535,0.594,0.701,2.52
Siddharth Nagar,2007,0.66,0.417,0.469,0.647,0.644,2.25
Siddharth Nagar,2008,0.672,0.393,0.47,0.689,0.672,2.53
Siddharth Nagar,2009,0.676,0.438,0.447,0.629,0.71,2.33
Siddharth Nagar,2010,0.71,0.44,0.417,0.631,0.735,3.14
Siddharth Nagar,2011,0.676,0.439,0.485,0.685,0.724,3.41
Siddharth Nagar,2012,0.717,0.44,0.412,0.647,0.771,3.55
Siddharth Nagar,2013,0.71,0.386,0.52,0.699,0.751,3.78
Siddharth Nagar,2014,0.691,0.44,0.547,0.714,0.726,2.53
Siddharth Nagar,2015,0.655,0.472,0.415,0.584,0.729,3.34
Siddharth Nagar,2016,0.687,0.418,0.456,0.748,0.748,3.96
Siddharth Nagar,2017,0.67,0.407,0.542,0.714,0.777,3.98
Siddharth Nagar,2018,0.64,0.405,0.512,0.747,0.781,4.38
Sitapur,2006,0.533,0.429,0.472,0.516,0.576,2.74
Sitapur,2007,0.599,0.433,0.414,0.529,0.544,2.77
Sitapur,2008,0.523,0.407,0.433,0.601,0.607,2.93
Sitapur,2009,0.601,0.429,0.431,0.552,0.625,2.65
Sitapur,2010,0.599,0.459,0.4,0.487,0.607,3.07
Sitapur,2011,0.601,0.429,0.421,0.543,0.562,3.16
Sitapur,2012,0.619,0.439,0.422,0.442,0.617,3.18
Sitapur,2013,0.652,0.45,0.467,0.584,0.631,3.09
Sitapur,2014,0.639,0.452,0.494,0.635,0.647,1.78
Sitapur,2015,0.622,0.468,0.394,0.494,0.557,2.49
Sitapur,2016,0.626,0.457,0.43,0.588,0.652,3.37
Sitapur,2017,0.66,0.473,0.487,0.545,0.609,3.25
Sitapur,2018,0.641,0.468,0.451,0.561,0.638,3.48
Sonbhadra,2006,0.596,0.47,0.4,0.415,0.445,1.29
Sonbhadra,2007,0.6,0.488,0.437,0.477,0.489,1.59
Sonbhadra,2008,0.571,0.43,0.384,0.424,0.403,1.51
Sonbhadra,2009,0.579,0.486,0.505,0.519,0.496,1.9
Sonbhadra,2010,0.617,0.52,0.414,0.425,0.434,1.72
Sonbhadra,2011,0.579,0.486,0.413,0.483,0.496,1.89
Sonbhadra,2012,0.641,0.511,0.425,0.462,0.512,2.14
Sonbhadra,2013,0.704,0.579,0.432,0.547,0.552,2.35
Sonbhadra,2014,0.673,0.492,0.412,0.525,0.512,2.04
Sonbhadra,2015,0.611,0.474,0.41,0.444,0.479,1.59
Sonbhadra,2016,0.719,0.52,0.434,0.546,0.547,2.41
Sonbhadra,2017,0.665,0.521,0.415,0.457,0.474,2.36
Sonbhadra,2018,0.65,0.498,0.412,0.532,0.539,2.7
Sultanpur,2006,0.592,0.419,0.47,0.555,0.634,2.73
Sultanpur,2007,0.647,0.438,0.435,0.581,0.601,2.79
Sultanpur,2008,0.561,0.406,0.463,0.615,0.611,2.82
Sultanpur,2009,0.642,0.459,0.46,0.6,0.655,2.73
Sultanpur,2010,0.639,0.491,0.432,0.557,0.66,3.17
Sultanpur,2011,0.642,0.459,0.433,0.599,0.653,3.19
Sultanpur,2012,0.625,0.443,0.416,0.553,0.687,3.11
Sultanpur,2013,0.66,0.445,0.476,0.595,0.674,2.46
Sultanpur,2014,0.633,0.428,0.486,0.662,0.681,2.29
Sultanpur,2015,0.597,0.407,0.418,0.57,0.631,2.84
Sultanpur,2016,0.658,0.455,0.445,0.632,0.683,3.39
Sultanpur,2017,0.643,0.453,0.482,0.615,0.665,4.03
Sultanpur,2018,0.623,0.453,0.433,0.643,0.699,4.17
Unnao,2006,0.423,0.379,0.471,0.593,0.645,2.86
Unnao,2007,0.489,0.359,0.385,0.589,0.602,2.65
Unnao,2008,0.479,0.397,0.474,0.629,0.64,2.96
Unnao,2009,0.506,0.411,0.504,0.633,0.682,2.76
Unnao,2010,0.498,0.423,0.412,0.542,0.693,2.97
Unnao,2011,0.506,0.411,0.435,0.605,0.671,2.98
Unnao,2012,0.542,0.382,0.409,0.571,0.696,2.86
Unnao,2013,0.591,0.423,0.494,0.651,0.711,3.05
Unnao,2014,0.544,0.447,0.508,0.685,0.696,2.01
Unnao,2015,0.475,0.377,0.403,0.576,0.653,2.22
Unnao,2016,0.514,0.392,0.449,0.668,0.712,3.19
Unnao,2017,0.568,0.4,0.462,0.662,0.704,3.27
Unnao,2018,0.516,0.413,0.456,0.676,0.719,3.87
Varanasi,2006,0.608,0.41,0.478,0.518,0.632,2.53
Varanasi,2007,0.634,0.443,0.379,0.585,0.604,2.54
Varanasi,2008,0.523,0.378,0.44,0.607,0.608,2.82
Varanasi,2009,0.515,0.394,0.462,0.615,0.642,2.51
Varanasi,2010,0.58,0.454,0.393,0.511,0.616,2.8
Varanasi,2011,0.515,0.394,0.411,0.586,0.619,3.02
Varanasi,2012,0.578,0.434,0.389,0.579,0.686,3.08
Varanasi,2013,0.586,0.469,0.413,0.565,0.656,2.72
Varanasi,2014,0.613,0.431,0.444,0.64,0.627,1.85
Varanasi,2015,0.545,0.434,0.399,0.577,0.644,2.41
Varanasi,2016,0.646,0.381,0.405,0.644,0.668,3.37
Varanasi,2017,0.569,0.408,0.438,0.59,0.629,3.38
Varanasi,2018,0.585,0.417,0.38,0.62,0.664,3.5
