state_name,Month,district,2006_07,2007_08,2008_09,2009_10,2010_11,2011_12,2012_13,2013_14,2014_15,2015_16,2016_17,2017_18,2018_19,2019_20
Uttar Pradesh,June,AGRA,0.227,0.253,0.305,0.212,0.219,0.229,0.208,0.244,0.232,0.255,0.241,0.258,0.255,0.263
Uttar Pradesh,June,ALIGARH,0.278,0.321,0.372,0.257,0.267,0.311,0.251,0.319,0.271,0.298,0.347,0.376,0.299,0.344
Uttar Pradesh,June,ALLAHABAD,0.257,0.255,0.255,0.261,0.241,0.248,0.229,0.321,0.269,0.28,0.269,0.281,0.27,0.262
Uttar Pradesh,June,AMBEDKARNAGAR,0.388,0.413,0.316,0.332,0.28,0.327,0.283,0.38,0.35,0.328,0.33,0.392,0.334,0.306
Uttar Pradesh,June,AMETHI,0.338,0.343,0.304,0.273,0.298,0.282,0.253,0.366,0.29,0.296,0.337,0.319,0.318,0.299
Uttar Pradesh,June,AURAIYA,0.234,0.235,0.244,0.193,0.205,0.239,0.207,0.275,0.244,0.238,0.258,0.302,0.247,0.272
Uttar Pradesh,June,AZAMGARH,0.33,0.299,0.261,0.273,0.232,0.292,0.229,0.295,0.275,0.291,0.291,0.313,0.296,0.253
Uttar Pradesh,June,BADAUN,0.403,0.379,0.397,0.272,0.257,0.345,0.308,0.444,0.311,0.294,0.349,0.343,0.318,0.394
Uttar Pradesh,June,BAGHPAT,0.419,0.439,0.439,0.372,0.396,0.467,0.367,0.489,0.423,0.389,0.453,0.476,0.464,0.515
Uttar Pradesh,June,BAHRAICH,0.303,0.34,0.337,0.301,0.284,0.386,0.278,0.453,0.307,0.302,0.356,0.393,0.347,0.364
Uttar Pradesh,June,BALLIA,0.308,0.287,0.252,0.276,0.221,0.317,0.214,0.297,0.282,0.278,0.306,0.299,0.263,0.242
Uttar Pradesh,June,BALRAMPUR,0.374,0.396,0.406,0.36,0.282,0.428,0.281,0.401,0.319,0.365,0.378,0.389,0.382,0.369
Uttar Pradesh,June,BANDA,0.206,0.212,0.238,0.201,0.2,0.2,0.19,0.283,0.237,0.225,0.204,0.213,0.208,0.219
Uttar Pradesh,June,BARABANKI,0.473,0.479,0.443,0.385,0.373,0.433,0.376,0.543,0.39,0.356,0.403,0.402,0.408,0.451
Uttar Pradesh,June,BAREILLY,0.471,0.478,0.405,0.296,0.326,0.432,0.338,0.526,0.361,0.367,0.395,0.392,0.387,0.42
Uttar Pradesh,June,BASTI,0.372,0.383,0.332,0.345,0.283,0.376,0.277,0.4,0.306,0.312,0.32,0.365,0.331,0.287
Uttar Pradesh,June,BHIMNAGAR,0.389,0.479,0.453,0.312,0.301,0.409,0.361,0.482,0.354,0.347,0.398,0.433,0.383,0.458
Uttar Pradesh,June,BIJNOR,0.514,0.429,0.472,0.379,0.411,0.521,0.379,0.529,0.412,0.434,0.501,0.563,0.544,0.552
Uttar Pradesh,June,BULANDSAHAR,0.379,0.442,0.463,0.307,0.328,0.373,0.328,0.423,0.344,0.344,0.425,0.442,0.359,0.427
Uttar Pradesh,June,CHANDAULI,0.305,0.284,0.239,0.205,0.21,0.253,0.2,0.263,0.235,0.243,0.232,0.232,0.24,0.225
Uttar Pradesh,June,DEORIA,0.303,0.278,0.262,0.272,0.227,0.326,0.236,0.311,0.27,0.298,0.295,0.331,0.278,0.271
Uttar Pradesh,June,ETAH,0.281,0.244,0.358,0.227,0.242,0.276,0.24,0.297,0.253,0.265,0.284,0.33,0.266,0.307
Uttar Pradesh,June,ETAWAH,0.234,0.242,0.318,0.218,0.225,0.262,0.229,0.323,0.268,0.281,0.296,0.331,0.276,0.3
Uttar Pradesh,June,FAIZABAD,0.467,0.435,0.354,0.328,0.327,0.366,0.308,0.512,0.35,0.347,0.353,0.417,0.347,0.35
Uttar Pradesh,June,FARRUKHABAD,0.328,0.256,0.312,0.246,0.263,0.309,0.283,0.373,0.315,0.309,0.327,0.388,0.341,0.383
Uttar Pradesh,June,FATEHPUR,0.215,0.232,0.259,0.239,0.24,0.267,0.225,0.317,0.264,0.264,0.28,0.299,0.257,0.276
Uttar Pradesh,June,FIROZABAD,0.264,0.245,0.312,0.226,0.25,0.255,0.234,0.287,0.262,0.283,0.285,0.303,0.281,0.301
Uttar Pradesh,June,GAUTAMBUDHNAGAR,0.277,0.341,0.38,0.228,0.228,0.278,0.222,0.293,0.263,0.255,0.311,0.319,0.252,0.291
Uttar Pradesh,June,GAZIPUR,0.337,0.306,0.274,0.244,0.226,0.265,0.225,0.301,0.292,0.288,0.307,0.3,0.292,0.257
Uttar Pradesh,June,GHAZIABAD,0.372,0.436,0.451,0.302,0.314,0.421,0.319,0.435,0.37,0.33,0.387,0.448,0.375,0.444
Uttar Pradesh,June,GONDA,0.387,0.409,0.359,0.341,0.312,0.418,0.309,0.47,0.341,0.354,0.398,0.415,0.378,0.371
Uttar Pradesh,June,GORAKHPUR,0.295,0.292,0.273,0.26,0.22,0.317,0.221,0.283,0.261,0.272,0.281,0.298,0.276,0.242
Uttar Pradesh,June,HAMIRPUR1,0.196,0.198,0.246,0.184,0.192,0.203,0.192,0.238,0.239,0.221,0.199,0.215,0.201,0.229
Uttar Pradesh,June,HARDOI,0.358,0.343,0.298,0.243,0.271,0.302,0.249,0.363,0.283,0.28,0.299,0.312,0.28,0.307
Uttar Pradesh,June,JALAUN,0.206,0.227,0.246,0.191,0.189,0.21,0.213,0.261,0.233,0.21,0.194,0.221,0.221,0.265
Uttar Pradesh,June,JAUNPUR,0.292,0.271,0.265,0.256,0.248,0.276,0.227,0.28,0.28,0.285,0.283,0.282,0.273,0.258
Uttar Pradesh,June,JHANSI,0.206,0.217,0.234,0.198,0.2,0.214,0.199,0.241,0.233,0.226,0.203,0.22,0.218,0.243
Uttar Pradesh,June,JYOTIBAPHULE NAGAR,0.46,0.542,0.467,0.379,0.381,0.491,0.398,0.517,0.411,0.426,0.469,0.551,0.482,0.549
Uttar Pradesh,June,KANNAUJ,0.285,0.228,0.305,0.23,0.255,0.291,0.259,0.364,0.319,0.313,0.32,0.375,0.328,0.363
Uttar Pradesh,June,KANPUR,0.226,0.204,0.308,0.217,0.227,0.254,0.216,0.306,0.264,0.249,0.289,0.298,0.253,0.279
Uttar Pradesh,June,KANPUR DEHAT,0.208,0.189,0.278,0.188,0.2,0.225,0.195,0.261,0.241,0.229,0.266,0.269,0.227,0.263
Uttar Pradesh,June,KANSHIRAMNAGAR,0.336,0.315,0.381,0.275,0.265,0.321,0.293,0.355,0.301,0.304,0.314,0.379,0.295,0.35
Uttar Pradesh,June,KAUSHAMBI,0.229,0.252,0.33,0.262,0.239,0.249,0.228,0.331,0.277,0.283,0.275,0.279,0.27,0.264
Uttar Pradesh,June,KHERI,0.445,0.439,0.443,0.356,0.391,0.464,0.349,0.505,0.37,0.413,0.466,0.502,0.451,0.451
Uttar Pradesh,June,KUSHINAGAR,0.404,0.372,0.378,0.385,0.357,0.385,0.306,0.418,0.384,0.393,0.423,0.444,0.42,0.406
Uttar Pradesh,June,LACKNOW,0.419,0.405,0.435,0.318,0.332,0.339,0.289,0.453,0.317,0.319,0.338,0.327,0.332,0.352
Uttar Pradesh,June,LALITPUR,0.256,0.271,0.268,0.239,0.233,0.247,0.23,0.314,0.256,0.258,0.239,0.266,0.24,0.263
Uttar Pradesh,June,MAHAMAYANAGAR,0.289,0.257,0.358,0.265,0.29,0.327,0.268,0.321,0.281,0.334,0.334,0.367,0.312,0.355
Uttar Pradesh,June,MAHARAJGANJ,0.325,0.339,0.334,0.301,0.282,0.311,0.264,0.347,0.308,0.317,0.323,0.351,0.348,0.3
Uttar Pradesh,June,MAHOBA,0.223,0.22,0.237,0.202,0.204,0.215,0.204,0.244,0.251,0.23,0.193,0.218,0.209,0.237
Uttar Pradesh,June,MAINPURI,0.272,0.255,0.389,0.244,0.269,0.29,0.268,0.34,0.28,0.298,0.321,0.368,0.293,0.332
Uttar Pradesh,June,MATHURA,0.24,0.253,0.301,0.206,0.237,0.241,0.197,0.244,0.227,0.27,0.262,0.29,0.244,0.273
Uttar Pradesh,June,MAU,0.329,0.281,0.265,0.256,0.236,0.322,0.22,0.294,0.267,0.28,0.322,0.306,0.277,0.262
Uttar Pradesh,June,MEERUT,0.485,0.517,0.49,0.416,0.418,0.528,0.417,0.517,0.461,0.444,0.507,0.564,0.523,0.575
Uttar Pradesh,June,MIRZAPUR,0.248,0.255,0.248,0.218,0.205,0.214,0.21,0.273,0.257,0.254,0.227,0.254,0.232,0.23
Uttar Pradesh,June,MORADABAD,0.485,0.539,0.482,0.36,0.387,0.502,0.406,0.574,0.401,0.416,0.444,0.465,0.443,0.49
Uttar Pradesh,June,MUZAFARNAGAR,0.501,0.482,0.534,0.455,0.47,0.552,0.436,0.517,0.475,0.471,0.531,0.591,0.584,0.589
Uttar Pradesh,June,PANCHSHIL NAGAR,0.485,0.456,0.465,0.36,0.383,0.467,0.398,0.518,0.426,0.399,0.477,0.517,0.435,0.499
Uttar Pradesh,June,PILHIBHIT,0.453,0.464,0.413,0.322,0.346,0.468,0.35,0.503,0.369,0.411,0.418,0.424,0.417,0.421
Uttar Pradesh,June,PRABUDHNAGAR,0.424,0.455,0.45,0.396,0.441,0.498,0.386,0.509,0.459,0.42,0.478,0.507,0.524,0.525
Uttar Pradesh,June,PRATAPGARH,0.301,0.31,0.29,0.295,0.282,0.303,0.249,0.384,0.297,0.3,0.31,0.299,0.3,0.289
Uttar Pradesh,June,RAIBEARELI,0.293,0.305,0.315,0.278,0.277,0.278,0.254,0.355,0.292,0.292,0.336,0.303,0.301,0.299
Uttar Pradesh,June,RAMPUR,0.487,0.532,0.476,0.355,0.385,0.507,0.412,0.61,0.415,0.402,0.412,0.411,0.397,0.444
Uttar Pradesh,June,SAHUJI MAHARAJ NAGAR,0.21,0.224,0.258,0.235,0.199,0.207,0.196,0.291,0.24,0.24,0.205,0.228,0.22,0.222
Uttar Pradesh,June,SANTKABIRNAGAR,0.306,0.289,0.287,0.275,0.225,0.315,0.23,0.287,0.262,0.27,0.302,0.307,0.274,0.247
Uttar Pradesh,June,SANTRAVIDASNAGAR,0.264,0.272,0.229,0.222,0.221,0.226,0.219,0.257,0.269,0.262,0.242,0.272,0.237,0.241
Uttar Pradesh,June,SHAHJAHANPUR,0.408,0.396,0.377,0.28,0.308,0.371,0.313,0.455,0.334,0.339,0.355,0.364,0.333,0.371
Uttar Pradesh,June,SHARANPUR,0.451,0.439,0.508,0.379,0.403,0.512,0.395,0.527,0.435,0.434,0.495,0.513,0.534,0.502
Uttar Pradesh,June,SHRAWASTI,0.316,0.355,0.363,0.352,0.255,0.384,0.265,0.434,0.31,0.301,0.365,0.355,0.348,0.35
Uttar Pradesh,June,SIDDHARTHNAGAR,0.293,0.293,0.314,0.265,0.239,0.297,0.219,0.274,0.238,0.28,0.298,0.285,0.279,0.248
Uttar Pradesh,June,SITAPUR,0.438,0.444,0.393,0.322,0.361,0.419,0.334,0.492,0.345,0.345,0.391,0.428,0.394,0.406
Uttar Pradesh,June,SONBHADRA,0.286,0.253,0.309,0.221,0.225,0.255,0.233,0.321,0.292,0.27,0.238,0.276,0.275,0.267
Uttar Pradesh,June,SULTANPUR,0.347,0.36,0.304,0.286,0.287,0.285,0.254,0.355,0.31,0.317,0.334,0.337,0.315,0.284
Uttar Pradesh,June,UNNAO,0.278,0.268,0.315,0.238,0.25,0.267,0.23,0.391,0.272,0.269,0.286,0.261,0.252,0.271
Uttar Pradesh,June,VARANASI,0.291,0.309,0.244,0.246,0.233,0.268,0.242,0.296,0.287,0.298,0.288,0.292,0.265,0.266
Uttar Pradesh,July,AGRA,0.334,0.377,0.429,0.25,0.379,0.25,0.3,0.431,0.269,0.324,0.336,0.333,0.277,0.325
Uttar Pradesh,July,ALIGARH,0.395,0.421,0.471,0.309,0.437,0.309,0.318,0.437,0.301,0.408,0.455,0.436,0.329,0.38
Uttar Pradesh,July,ALLAHABAD,0.342,0.326,0.397,0.338,0.38,0.338,0.329,0.404,0.315,0.424,0.384,0.373,0.329,0.358
Uttar Pradesh,July,AMBEDKARNAGAR,0.398,0.401,0.411,0.383,0.431,0.383,0.405,0.464,0.398,0.495,0.387,0.438,0.417,0.381
Uttar Pradesh,July,AMETHI,0.352,0.348,0.436,0.33,0.428,0.33,0.312,0.418,0.364,0.444,0.371,0.417,0.406,0.398
Uttar Pradesh,July,AURAIYA,0.391,0.29,0.325,0.275,0.321,0.275,0.3,0.443,0.253,0.342,0.339,0.358,0.264,0.34
Uttar Pradesh,July,AZAMGARH,0.37,0.366,0.396,0.352,0.4,0.352,0.352,0.444,0.377,0.473,0.366,0.386,0.351,0.319
Uttar Pradesh,July,BADAUN,0.41,0.387,0.471,0.275,0.448,0.275,0.329,0.519,0.318,0.408,0.432,0.446,0.315,0.394
Uttar Pradesh,July,BAGHPAT,0.63,0.613,0.611,0.627,0.622,0.627,0.541,0.605,0.635,0.644,0.638,0.701,0.627,0.689
Uttar Pradesh,July,BAHRAICH,0.419,0.364,0.459,0.398,0.457,0.398,0.396,0.48,0.397,0.465,0.416,0.499,0.448,0.452
Uttar Pradesh,July,BALLIA,0.37,0.332,0.294,0.302,0.332,0.302,0.305,0.368,0.37,0.437,0.35,0.318,0.289,0.293
Uttar Pradesh,July,BALRAMPUR,0.502,0.447,0.444,0.464,0.46,0.464,0.426,0.493,0.472,0.52,0.524,0.524,0.486,0.452
Uttar Pradesh,July,BANDA,0.32,0.281,0.351,0.319,0.329,0.319,0.319,0.415,0.241,0.385,0.305,0.326,0.296,0.366
Uttar Pradesh,July,BARABANKI,0.434,0.399,0.5,0.431,0.486,0.431,0.331,0.468,0.397,0.483,0.404,0.448,0.404,0.42
Uttar Pradesh,July,BAREILLY,0.434,0.525,0.493,0.398,0.506,0.399,0.402,0.557,0.421,0.537,0.505,0.582,0.458,0.544
Uttar Pradesh,July,BASTI,0.476,0.394,0.44,0.458,0.471,0.458,0.374,0.454,0.428,0.542,0.444,0.485,0.483,0.389
Uttar Pradesh,July,BHIMNAGAR,0.417,0.468,0.508,0.323,0.483,0.323,0.337,0.546,0.332,0.484,0.515,0.505,0.423,0.46
Uttar Pradesh,July,BIJNOR,0.646,0.635,0.609,0.604,0.618,0.604,0.534,0.712,0.54,0.721,0.707,0.726,0.677,0.698
Uttar Pradesh,July,BULANDSAHAR,0.568,0.561,0.562,0.429,0.545,0.43,0.446,0.566,0.418,0.52,0.56,0.567,0.502,0.567
Uttar Pradesh,July,CHANDAULI,0.394,0.386,0.4,0.348,0.402,0.348,0.327,0.387,0.34,0.354,0.317,0.319,0.302,0.318
Uttar Pradesh,July,DEORIA,0.399,0.351,0.317,0.335,0.347,0.335,0.281,0.387,0.413,0.463,0.338,0.389,0.376,0.343
Uttar Pradesh,July,ETAH,0.396,0.336,0.453,0.297,0.401,0.297,0.366,0.471,0.29,0.409,0.372,0.423,0.308,0.373
Uttar Pradesh,July,ETAWAH,0.36,0.322,0.395,0.318,0.362,0.318,0.332,0.473,0.277,0.377,0.353,0.344,0.29,0.371
Uttar Pradesh,July,FAIZABAD,0.484,0.429,0.455,0.426,0.453,0.426,0.396,0.518,0.481,0.552,0.444,0.542,0.497,0.464
Uttar Pradesh,July,FARRUKHABAD,0.446,0.292,0.432,0.31,0.401,0.31,0.366,0.57,0.361,0.408,0.352,0.468,0.399,0.412
Uttar Pradesh,July,FATEHPUR,0.315,0.332,0.392,0.299,0.383,0.299,0.337,0.457,0.309,0.353,0.358,0.374,0.297,0.37
Uttar Pradesh,July,FIROZABAD,0.354,0.335,0.439,0.267,0.393,0.267,0.302,0.461,0.263,0.346,0.305,0.335,0.258,0.315
Uttar Pradesh,July,GAUTAMBUDHNAGAR,0.421,0.453,0.424,0.346,0.41,0.345,0.344,0.419,0.358,0.403,0.45,0.44,0.373,0.355
Uttar Pradesh,July,GAZIPUR,0.404,0.372,0.386,0.332,0.382,0.332,0.379,0.42,0.413,0.441,0.402,0.385,0.343,0.37
Uttar Pradesh,July,GHAZIABAD,0.568,0.565,0.536,0.522,0.526,0.523,0.474,0.568,0.522,0.564,0.563,0.613,0.518,0.566
Uttar Pradesh,July,GONDA,0.501,0.443,0.453,0.476,0.458,0.476,0.431,0.509,0.466,0.547,0.526,0.561,0.516,0.51
Uttar Pradesh,July,GORAKHPUR,0.39,0.327,0.326,0.391,0.361,0.391,0.27,0.338,0.41,0.497,0.372,0.429,0.392,0.326
Uttar Pradesh,July,HAMIRPUR1,0.295,0.247,0.457,0.282,0.348,0.282,0.262,0.418,0.236,0.301,0.325,0.37,0.26,0.347
Uttar Pradesh,July,HARDOI,0.42,0.38,0.411,0.311,0.396,0.311,0.36,0.5,0.333,0.41,0.346,0.423,0.397,0.432
Uttar Pradesh,July,JALAUN,0.3,0.279,0.392,0.268,0.283,0.268,0.261,0.403,0.241,0.272,0.324,0.305,0.261,0.3
Uttar Pradesh,July,JAUNPUR,0.381,0.373,0.407,0.361,0.393,0.362,0.334,0.446,0.383,0.486,0.354,0.394,0.36,0.347
Uttar Pradesh,July,JHANSI,0.259,0.295,0.383,0.282,0.313,0.282,0.286,0.418,0.293,0.299,0.399,0.332,0.273,0.328
Uttar Pradesh,July,JYOTIBAPHULE NAGAR,0.59,0.598,0.581,0.521,0.582,0.521,0.479,0.625,0.466,0.646,0.64,0.677,0.646,0.649
Uttar Pradesh,July,KANNAUJ,0.423,0.27,0.402,0.279,0.362,0.279,0.315,0.549,0.314,0.379,0.345,0.436,0.336,0.402
Uttar Pradesh,July,KANPUR,0.352,0.299,0.41,0.277,0.391,0.277,0.328,0.492,0.275,0.349,0.353,0.398,0.325,0.344
Uttar Pradesh,July,KANPUR DEHAT,0.332,0.287,0.339,0.228,0.308,0.228,0.284,0.432,0.225,0.336,0.322,0.395,0.262,0.3
Uttar Pradesh,July,KANSHIRAMNAGAR,0.439,0.402,0.488,0.367,0.461,0.367,0.398,0.52,0.337,0.435,0.415,0.509,0.338,0.41
Uttar Pradesh,July,KAUSHAMBI,0.334,0.32,0.457,0.324,0.434,0.324,0.308,0.417,0.325,0.409,0.377,0.366,0.316,0.333
Uttar Pradesh,July,KHERI,0.568,0.537,0.529,0.576,0.549,0.576,0.562,0.581,0.562,0.631,0.579,0.668,0.623,0.64
Uttar Pradesh,July,KUSHINAGAR,0.558,0.471,0.52,0.525,0.548,0.526,0.457,0.526,0.532,0.563,0.546,0.574,0.538,0.506
Uttar Pradesh,July,LACKNOW,0.474,0.438,0.483,0.431,0.449,0.431,0.341,0.494,0.418,0.486,0.405,0.463,0.446,0.42
Uttar Pradesh,July,LALITPUR,0.305,0.477,0.371,0.384,0.384,0.384,0.357,0.568,0.313,0.338,0.422,0.367,0.305,0.351
Uttar Pradesh,July,MAHAMAYANAGAR,0.37,0.352,0.482,0.288,0.459,0.289,0.35,0.423,0.3,0.392,0.396,0.4,0.324,0.361
Uttar Pradesh,July,MAHARAJGANJ,0.544,0.413,0.413,0.555,0.496,0.555,0.414,0.442,0.485,0.605,0.486,0.558,0.518,0.429
Uttar Pradesh,July,MAHOBA,0.296,0.284,0.398,0.31,0.35,0.31,0.29,0.406,0.247,0.311,0.35,0.331,0.292,0.346
Uttar Pradesh,July,MAINPURI,0.367,0.332,0.449,0.316,0.399,0.316,0.373,0.535,0.335,0.378,0.361,0.416,0.301,0.363
Uttar Pradesh,July,MATHURA,0.335,0.388,0.463,0.251,0.398,0.251,0.326,0.402,0.315,0.388,0.386,0.388,0.354,0.329
Uttar Pradesh,July,MAU,0.386,0.366,0.326,0.344,0.358,0.344,0.296,0.408,0.424,0.472,0.432,0.375,0.32,0.343
Uttar Pradesh,July,MEERUT,0.657,0.653,0.602,0.629,0.607,0.629,0.556,0.661,0.569,0.665,0.673,0.734,0.669,0.714
Uttar Pradesh,July,MIRZAPUR,0.352,0.331,0.429,0.381,0.414,0.381,0.331,0.409,0.36,0.435,0.359,0.404,0.304,0.354
Uttar Pradesh,July,MORADABAD,0.483,0.528,0.528,0.457,0.524,0.457,0.404,0.592,0.463,0.609,0.596,0.587,0.524,0.55
Uttar Pradesh,July,MUZAFARNAGAR,0.706,0.686,0.637,0.664,0.656,0.664,0.585,0.702,0.622,0.721,0.693,0.757,0.686,0.74
Uttar Pradesh,July,PANCHSHIL NAGAR,0.629,0.608,0.572,0.553,0.554,0.553,0.514,0.658,0.528,0.603,0.626,0.643,0.612,0.607
Uttar Pradesh,July,PILHIBHIT,0.48,0.527,0.464,0.513,0.491,0.513,0.466,0.587,0.527,0.623,0.543,0.649,0.524,0.606
Uttar Pradesh,July,PRABUDHNAGAR,0.646,0.647,0.604,0.616,0.628,0.616,0.533,0.656,0.558,0.655,0.637,0.708,0.631,0.689
Uttar Pradesh,July,PRATAPGARH,0.385,0.359,0.431,0.39,0.406,0.39,0.334,0.468,0.403,0.458,0.406,0.405,0.398,0.39
Uttar Pradesh,July,RAIBEARELI,0.369,0.362,0.466,0.347,0.447,0.347,0.358,0.456,0.37,0.394,0.401,0.425,0.379,0.404
Uttar Pradesh,July,RAMPUR,0.429,0.497,0.502,0.419,0.505,0.42,0.383,0.57,0.455,0.586,0.534,0.526,0.457,0.555
Uttar Pradesh,July,SAHUJI MAHARAJ NAGAR,0.347,0.296,0.406,0.353,0.352,0.353,0.343,0.46,0.267,0.462,0.36,0.364,0.329,0.358
Uttar Pradesh,July,SANTKABIRNAGAR,0.377,0.317,0.319,0.398,0.38,0.398,0.305,0.329,0.371,0.484,0.38,0.41,0.368,0.316
Uttar Pradesh,July,SANTRAVIDASNAGAR,0.335,0.339,0.402,0.381,0.379,0.381,0.319,0.412,0.318,0.44,0.371,0.411,0.283,0.354
Uttar Pradesh,July,SHAHJAHANPUR,0.436,0.461,0.436,0.426,0.449,0.426,0.445,0.536,0.391,0.494,0.45,0.505,0.441,0.539
Uttar Pradesh,July,SHARANPUR,0.658,0.636,0.625,0.592,0.614,0.592,0.554,0.666,0.604,0.683,0.666,0.688,0.634,0.661
Uttar Pradesh,July,SHRAWASTI,0.412,0.375,0.439,0.376,0.446,0.376,0.374,0.476,0.413,0.461,0.461,0.469,0.428,0.437
Uttar Pradesh,July,SIDDHARTHNAGAR,0.408,0.299,0.329,0.404,0.361,0.405,0.298,0.321,0.387,0.45,0.377,0.403,0.373,0.292
Uttar Pradesh,July,SITAPUR,0.512,0.483,0.51,0.468,0.507,0.468,0.45,0.547,0.494,0.558,0.442,0.58,0.554,0.556
Uttar Pradesh,July,SONBHADRA,0.42,0.353,0.469,0.42,0.422,0.42,0.336,0.468,0.415,0.444,0.422,0.427,0.38,0.409
Uttar Pradesh,July,SULTANPUR,0.406,0.369,0.408,0.376,0.41,0.376,0.345,0.464,0.431,0.482,0.414,0.465,0.395,0.392
Uttar Pradesh,July,UNNAO,0.376,0.347,0.379,0.29,0.378,0.29,0.355,0.487,0.339,0.39,0.387,0.376,0.358,0.365
Uttar Pradesh,July,VARANASI,0.36,0.412,0.45,0.35,0.401,0.35,0.382,0.506,0.378,0.483,0.369,0.419,0.38,0.365
Uttar Pradesh,August,AGRA,0.543,0.528,0.572,0.488,0.602,0.488,0.517,0.613,0.534,0.594,0.583,0.585,0.513,0.555
Uttar Pradesh,August,ALIGARH,0.585,0.559,0.627,0.508,0.629,0.508,0.601,0.629,0.578,0.652,0.678,0.626,0.581,0.551
Uttar Pradesh,August,ALLAHABAD,0.581,0.569,0.593,0.522,0.529,0.522,0.568,0.625,0.557,0.613,0.581,0.666,0.511,0.488
Uttar Pradesh,August,AMBEDKARNAGAR,0.632,0.603,0.6,0.643,0.581,0.643,0.621,0.627,0.655,0.608,0.708,0.731,0.616,0.558
Uttar Pradesh,August,AMETHI,0.613,0.633,0.599,0.596,0.556,0.596,0.624,0.609,0.632,0.671,0.665,0.71,0.623,0.585
Uttar Pradesh,August,AURAIYA,0.514,0.404,0.493,0.463,0.466,0.463,0.517,0.557,0.529,0.557,0.561,0.597,0.425,0.507
Uttar Pradesh,August,AZAMGARH,0.62,0.531,0.56,0.594,0.565,0.594,0.596,0.592,0.594,0.614,0.692,0.662,0.546,0.505
Uttar Pradesh,August,BADAUN,0.498,0.407,0.534,0.523,0.443,0.523,0.55,0.493,0.535,0.602,0.603,0.606,0.533,0.48
Uttar Pradesh,August,BAGHPAT,0.725,0.664,0.684,0.653,0.69,0.653,0.619,0.663,0.668,0.682,0.716,0.711,0.706,0.659
Uttar Pradesh,August,BAHRAICH,0.615,0.549,0.622,0.629,0.584,0.629,0.587,0.642,0.609,0.621,0.672,0.614,0.635,0.557
Uttar Pradesh,August,BALLIA,0.592,0.52,0.48,0.593,0.544,0.593,0.614,0.554,0.524,0.519,0.664,0.537,0.479,0.4
Uttar Pradesh,August,BALRAMPUR,0.637,0.577,0.648,0.586,0.567,0.586,0.592,0.698,0.644,0.616,0.708,0.592,0.659,0.567
Uttar Pradesh,August,BANDA,0.49,0.501,0.52,0.429,0.548,0.429,0.564,0.522,0.475,0.527,0.487,0.545,0.442,0.489
Uttar Pradesh,August,BARABANKI,0.622,0.633,0.563,0.655,0.563,0.655,0.6,0.613,0.628,0.669,0.702,0.684,0.641,0.555
Uttar Pradesh,August,BAREILLY,0.653,0.595,0.645,0.601,0.57,0.601,0.656,0.657,0.666,0.661,0.708,0.693,0.697,0.645
Uttar Pradesh,August,BASTI,0.685,0.611,0.605,0.69,0.587,0.69,0.659,0.701,0.666,0.617,0.724,0.742,0.661,0.556
Uttar Pradesh,August,BHIMNAGAR,0.571,0.508,0.58,0.609,0.565,0.609,0.599,0.579,0.598,0.675,0.711,0.658,0.625,0.611
Uttar Pradesh,August,BIJNOR,0.74,0.737,0.728,0.714,0.719,0.714,0.739,0.751,0.711,0.748,0.759,0.783,0.755,0.73
Uttar Pradesh,August,BULANDSAHAR,0.691,0.627,0.682,0.603,0.652,0.603,0.674,0.662,0.639,0.676,0.722,0.694,0.686,0.626
Uttar Pradesh,August,CHANDAULI,0.533,0.486,0.539,0.426,0.511,0.426,0.501,0.611,0.409,0.504,0.449,0.691,0.426,0.377
Uttar Pradesh,August,DEORIA,0.617,0.55,0.571,0.612,0.572,0.612,0.688,0.652,0.636,0.579,0.755,0.573,0.634,0.471
Uttar Pradesh,August,ETAH,0.536,0.488,0.572,0.468,0.547,0.468,0.567,0.576,0.56,0.623,0.663,0.612,0.543,0.554
Uttar Pradesh,August,ETAWAH,0.546,0.413,0.495,0.475,0.502,0.475,0.548,0.562,0.556,0.581,0.523,0.588,0.453,0.463
Uttar Pradesh,August,FAIZABAD,0.665,0.673,0.637,0.666,0.59,0.666,0.653,0.643,0.66,0.648,0.687,0.731,0.646,0.626
Uttar Pradesh,August,FARRUKHABAD,0.575,0.504,0.606,0.53,0.562,0.53,0.556,0.569,0.516,0.598,0.616,0.588,0.573,0.605
Uttar Pradesh,August,FATEHPUR,0.552,0.568,0.522,0.516,0.542,0.516,0.595,0.586,0.527,0.575,0.623,0.588,0.491,0.536
Uttar Pradesh,August,FIROZABAD,0.467,0.517,0.554,0.476,0.536,0.476,0.596,0.566,0.531,0.598,0.55,0.621,0.467,0.496
Uttar Pradesh,August,GAUTAMBUDHNAGAR,0.608,0.567,0.626,0.531,0.554,0.53,0.575,0.604,0.516,0.585,0.585,0.611,0.556,0.535
Uttar Pradesh,August,GAZIPUR,0.576,0.51,0.536,0.483,0.495,0.484,0.53,0.521,0.502,0.522,0.58,0.588,0.477,0.46
Uttar Pradesh,August,GHAZIABAD,0.664,0.612,0.659,0.602,0.67,0.603,0.646,0.651,0.582,0.628,0.665,0.68,0.63,0.629
Uttar Pradesh,August,GONDA,0.675,0.644,0.642,0.698,0.615,0.698,0.661,0.695,0.682,0.636,0.736,0.678,0.644,0.607
Uttar Pradesh,August,GORAKHPUR,0.625,0.502,0.52,0.629,0.548,0.629,0.66,0.61,0.637,0.592,0.721,0.626,0.628,0.497
Uttar Pradesh,August,HAMIRPUR1,0.545,0.479,0.573,0.444,0.575,0.444,0.533,0.574,0.506,0.575,0.561,0.559,0.534,0.574
Uttar Pradesh,August,HARDOI,0.6,0.557,0.588,0.566,0.54,0.567,0.583,0.598,0.576,0.657,0.682,0.69,0.578,0.572
Uttar Pradesh,August,JALAUN,0.542,0.49,0.53,0.436,0.509,0.436,0.509,0.49,0.489,0.583,0.519,0.569,0.416,0.492
Uttar Pradesh,August,JAUNPUR,0.647,0.596,0.633,0.643,0.597,0.644,0.632,0.674,0.611,0.64,0.642,0.697,0.583,0.553
Uttar Pradesh,August,JHANSI,0.625,0.552,0.581,0.511,0.589,0.511,0.503,0.551,0.555,0.631,0.592,0.69,0.567,0.574
Uttar Pradesh,August,JYOTIBAPHULE NAGAR,0.703,0.662,0.693,0.643,0.654,0.643,0.677,0.699,0.652,0.707,0.699,0.726,0.707,0.708
Uttar Pradesh,August,KANNAUJ,0.564,0.469,0.573,0.502,0.584,0.501,0.544,0.586,0.533,0.592,0.59,0.593,0.525,0.555
Uttar Pradesh,August,KANPUR,0.569,0.55,0.56,0.544,0.569,0.544,0.581,0.595,0.519,0.55,0.594,0.56,0.49,0.557
Uttar Pradesh,August,KANPUR DEHAT,0.512,0.44,0.528,0.469,0.478,0.469,0.518,0.584,0.517,0.569,0.572,0.604,0.445,0.557
Uttar Pradesh,August,KANSHIRAMNAGAR,0.584,0.496,0.61,0.512,0.51,0.512,0.552,0.567,0.557,0.634,0.639,0.606,0.581,0.568
Uttar Pradesh,August,KAUSHAMBI,0.595,0.568,0.512,0.498,0.525,0.498,0.587,0.584,0.55,0.599,0.626,0.591,0.478,0.526
Uttar Pradesh,August,KHERI,0.73,0.686,0.703,0.701,0.656,0.701,0.709,0.683,0.685,0.697,0.74,0.72,0.727,0.703
Uttar Pradesh,August,KUSHINAGAR,0.705,0.634,0.679,0.691,0.631,0.691,0.73,0.669,0.7,0.653,0.755,0.654,0.7,0.606
Uttar Pradesh,August,LACKNOW,0.595,0.575,0.555,0.615,0.573,0.615,0.623,0.616,0.597,0.635,0.659,0.655,0.528,0.546
Uttar Pradesh,August,LALITPUR,0.672,0.689,0.658,0.716,0.716,0.716,0.609,0.645,0.654,0.745,0.635,0.732,0.64,0.61
Uttar Pradesh,August,MAHAMAYANAGAR,0.527,0.484,0.578,0.419,0.58,0.419,0.566,0.561,0.521,0.612,0.595,0.577,0.526,0.536
Uttar Pradesh,August,MAHARAJGANJ,0.726,0.688,0.666,0.717,0.701,0.716,0.761,0.757,0.756,0.734,0.803,0.705,0.76,0.653
Uttar Pradesh,August,MAHOBA,0.548,0.514,0.59,0.539,0.581,0.539,0.546,0.609,0.529,0.582,0.586,0.7,0.596,0.629
Uttar Pradesh,August,MAINPURI,0.54,0.452,0.526,0.471,0.502,0.471,0.569,0.567,0.559,0.612,0.584,0.6,0.523,0.521
Uttar Pradesh,August,MATHURA,0.571,0.56,0.606,0.469,0.593,0.469,0.53,0.609,0.526,0.62,0.626,0.525,0.566,0.522
Uttar Pradesh,August,MAU,0.608,0.54,0.5,0.645,0.568,0.644,0.631,0.604,0.597,0.565,0.734,0.62,0.536,0.475
Uttar Pradesh,August,MEERUT,0.733,0.686,0.712,0.661,0.698,0.661,0.671,0.692,0.679,0.705,0.722,0.738,0.713,0.697
Uttar Pradesh,August,MIRZAPUR,0.558,0.559,0.599,0.5,0.543,0.5,0.569,0.592,0.512,0.585,0.529,0.653,0.518,0.49
Uttar Pradesh,August,MORADABAD,0.656,0.635,0.692,0.689,0.643,0.689,0.674,0.686,0.646,0.732,0.744,0.73,0.712,0.663
Uttar Pradesh,August,MUZAFARNAGAR,0.747,0.726,0.678,0.714,0.707,0.714,0.728,0.71,0.724,0.741,0.755,0.766,0.754,0.747
Uttar Pradesh,August,PANCHSHIL NAGAR,0.708,0.623,0.701,0.638,0.675,0.637,0.693,0.691,0.657,0.682,0.71,0.708,0.712,0.642
Uttar Pradesh,August,PILHIBHIT,0.771,0.72,0.715,0.704,0.661,0.704,0.729,0.719,0.737,0.714,0.768,0.777,0.747,0.73
Uttar Pradesh,August,PRABUDHNAGAR,0.732,0.757,0.685,0.709,0.712,0.709,0.707,0.72,0.699,0.726,0.745,0.746,0.725,0.678
Uttar Pradesh,August,PRATAPGARH,0.633,0.602,0.586,0.641,0.583,0.641,0.637,0.644,0.619,0.654,0.676,0.72,0.587,0.582
Uttar Pradesh,August,RAIBEARELI,0.575,0.566,0.575,0.587,0.548,0.587,0.609,0.623,0.584,0.648,0.659,0.647,0.524,0.573
Uttar Pradesh,August,RAMPUR,0.68,0.61,0.656,0.687,0.647,0.687,0.671,0.705,0.671,0.77,0.738,0.706,0.704,0.646
Uttar Pradesh,August,SAHUJI MAHARAJ NAGAR,0.563,0.484,0.534,0.477,0.521,0.477,0.571,0.555,0.507,0.562,0.558,0.52,0.499,0.496
Uttar Pradesh,August,SANTKABIRNAGAR,0.635,0.532,0.556,0.682,0.554,0.682,0.628,0.661,0.64,0.566,0.713,0.683,0.612,0.491
Uttar Pradesh,August,SANTRAVIDASNAGAR,0.562,0.584,0.572,0.591,0.563,0.591,0.601,0.655,0.579,0.567,0.601,0.69,0.54,0.548
Uttar Pradesh,August,SHAHJAHANPUR,0.665,0.627,0.642,0.647,0.557,0.647,0.673,0.66,0.655,0.665,0.734,0.716,0.697,0.627
Uttar Pradesh,August,SHARANPUR,0.74,0.755,0.702,0.706,0.709,0.705,0.72,0.745,0.708,0.741,0.748,0.747,0.721,0.715
Uttar Pradesh,August,SHRAWASTI,0.594,0.564,0.631,0.624,0.564,0.624,0.584,0.683,0.619,0.631,0.716,0.631,0.676,0.531
Uttar Pradesh,August,SIDDHARTHNAGAR,0.63,0.588,0.58,0.617,0.55,0.617,0.646,0.714,0.655,0.626,0.703,0.599,0.695,0.503
Uttar Pradesh,August,SITAPUR,0.648,0.607,0.624,0.651,0.583,0.651,0.635,0.636,0.64,0.679,0.695,0.683,0.673,0.63
Uttar Pradesh,August,SONBHADRA,0.574,0.569,0.592,0.554,0.59,0.554,0.545,0.612,0.537,0.6,0.518,0.653,0.575,0.52
Uttar Pradesh,August,SULTANPUR,0.64,0.651,0.573,0.639,0.609,0.639,0.633,0.633,0.638,0.663,0.674,0.733,0.605,0.581
Uttar Pradesh,August,UNNAO,0.544,0.507,0.565,0.525,0.54,0.525,0.582,0.588,0.535,0.614,0.633,0.643,0.468,0.565
Uttar Pradesh,August,VARANASI,0.617,0.599,0.594,0.582,0.576,0.582,0.604,0.644,0.58,0.573,0.573,0.677,0.593,0.546
Uttar Pradesh,September,AGRA,0.496,0.469,0.455,0.584,0.601,0.584,0.614,0.558,0.57,0.519,0.563,0.601,0.596,0.685
Uttar Pradesh,September,ALIGARH,0.567,0.574,0.535,0.633,0.631,0.633,0.693,0.629,0.643,0.609,0.625,0.68,0.681,0.735
Uttar Pradesh,September,ALLAHABAD,0.667,0.67,0.672,0.627,0.669,0.627,0.716,0.703,0.673,0.667,0.721,0.73,0.732,0.729
Uttar Pradesh,September,AMBEDKARNAGAR,0.714,0.73,0.697,0.798,0.749,0.798,0.762,0.76,0.742,0.702,0.78,0.79,0.797,0.762
Uttar Pradesh,September,AMETHI,0.665,0.689,0.687,0.717,0.702,0.717,0.738,0.736,0.692,0.666,0.747,0.785,0.786,0.742
Uttar Pradesh,September,AURAIYA,0.587,0.581,0.553,0.62,0.658,0.62,0.653,0.645,0.661,0.61,0.671,0.694,0.654,0.754
Uttar Pradesh,September,AZAMGARH,0.672,0.685,0.683,0.734,0.682,0.734,0.72,0.713,0.682,0.678,0.742,0.75,0.761,0.65
Uttar Pradesh,September,BADAUN,0.609,0.606,0.534,0.693,0.629,0.694,0.704,0.626,0.654,0.627,0.696,0.746,0.639,0.731
Uttar Pradesh,September,BAGHPAT,0.65,0.649,0.649,0.691,0.65,0.691,0.709,0.631,0.659,0.63,0.663,0.694,0.692,0.731
Uttar Pradesh,September,BAHRAICH,0.69,0.663,0.673,0.72,0.7,0.72,0.718,0.729,0.711,0.716,0.735,0.756,0.753,0.77
Uttar Pradesh,September,BALLIA,0.658,0.661,0.616,0.661,0.645,0.662,0.676,0.604,0.669,0.651,0.675,0.72,0.666,0.654
Uttar Pradesh,September,BALRAMPUR,0.704,0.668,0.7,0.709,0.685,0.709,0.703,0.716,0.69,0.703,0.701,0.744,0.764,0.772
Uttar Pradesh,September,BANDA,0.496,0.554,0.508,0.543,0.567,0.543,0.584,0.554,0.567,0.541,0.565,0.575,0.611,0.64
Uttar Pradesh,September,BARABANKI,0.678,0.689,0.649,0.722,0.707,0.722,0.737,0.73,0.703,0.713,0.737,0.783,0.758,0.729
Uttar Pradesh,September,BAREILLY,0.704,0.701,0.66,0.731,0.707,0.731,0.761,0.709,0.71,0.717,0.739,0.774,0.704,0.776
Uttar Pradesh,September,BASTI,0.707,0.703,0.651,0.759,0.711,0.759,0.751,0.734,0.725,0.712,0.717,0.79,0.806,0.782
Uttar Pradesh,September,BHIMNAGAR,0.637,0.652,0.567,0.733,0.678,0.733,0.742,0.643,0.659,0.652,0.684,0.755,0.709,0.788
Uttar Pradesh,September,BIJNOR,0.734,0.706,0.691,0.77,0.743,0.77,0.763,0.71,0.732,0.727,0.748,0.765,0.721,0.802
Uttar Pradesh,September,BULANDSAHAR,0.635,0.621,0.6,0.686,0.661,0.687,0.733,0.646,0.634,0.622,0.652,0.71,0.697,0.753
Uttar Pradesh,September,CHANDAULI,0.737,0.722,0.756,0.646,0.72,0.647,0.77,0.743,0.717,0.737,0.655,0.812,0.756,0.764
Uttar Pradesh,September,DEORIA,0.721,0.689,0.667,0.719,0.69,0.719,0.715,0.708,0.743,0.676,0.698,0.744,0.74,0.732
Uttar Pradesh,September,ETAH,0.534,0.548,0.494,0.574,0.623,0.575,0.638,0.603,0.613,0.585,0.587,0.676,0.641,0.714
Uttar Pradesh,September,ETAWAH,0.611,0.573,0.563,0.607,0.664,0.607,0.666,0.637,0.663,0.64,0.659,0.695,0.663,0.726
Uttar Pradesh,September,FAIZABAD,0.693,0.715,0.682,0.744,0.719,0.744,0.752,0.743,0.707,0.68,0.718,0.783,0.786,0.73
Uttar Pradesh,September,FARRUKHABAD,0.523,0.549,0.51,0.559,0.532,0.559,0.55,0.539,0.521,0.52,0.534,0.611,0.535,0.633
Uttar Pradesh,September,FATEHPUR,0.573,0.598,0.546,0.609,0.63,0.61,0.638,0.609,0.595,0.565,0.644,0.649,0.667,0.688
Uttar Pradesh,September,FIROZABAD,0.516,0.52,0.485,0.574,0.61,0.574,0.625,0.572,0.575,0.551,0.561,0.639,0.63,0.7
Uttar Pradesh,September,GAUTAMBUDHNAGAR,0.6,0.596,0.599,0.642,0.6,0.641,0.666,0.605,0.582,0.564,0.601,0.632,0.642,0.67
Uttar Pradesh,September,GAZIPUR,0.674,0.693,0.691,0.685,0.679,0.686,0.703,0.641,0.672,0.674,0.68,0.74,0.727,0.669
Uttar Pradesh,September,GHAZIABAD,0.603,0.581,0.608,0.631,0.642,0.631,0.691,0.614,0.597,0.573,0.608,0.652,0.634,0.671
Uttar Pradesh,September,GONDA,0.697,0.709,0.668,0.743,0.704,0.743,0.753,0.741,0.719,0.707,0.721,0.788,0.775,0.763
Uttar Pradesh,September,GORAKHPUR,0.693,0.607,0.604,0.694,0.646,0.694,0.694,0.675,0.699,0.668,0.712,0.683,0.724,0.724
Uttar Pradesh,September,HAMIRPUR1,0.46,0.502,0.449,0.539,0.547,0.539,0.558,0.515,0.533,0.508,0.518,0.477,0.633,0.637
Uttar Pradesh,September,HARDOI,0.624,0.647,0.635,0.657,0.642,0.657,0.699,0.664,0.63,0.654,0.689,0.718,0.673,0.709
Uttar Pradesh,September,JALAUN,0.472,0.511,0.416,0.527,0.503,0.527,0.555,0.463,0.506,0.569,0.479,0.523,0.517,0.631
Uttar Pradesh,September,JAUNPUR,0.671,0.672,0.666,0.712,0.679,0.713,0.711,0.703,0.676,0.668,0.716,0.73,0.734,0.684
Uttar Pradesh,September,JHANSI,0.565,0.526,0.459,0.556,0.552,0.556,0.592,0.567,0.574,0.583,0.582,0.596,0.634,0.729
Uttar Pradesh,September,JYOTIBAPHULE NAGAR,0.651,0.675,0.629,0.72,0.674,0.72,0.727,0.653,0.664,0.67,0.697,0.728,0.697,0.773
Uttar Pradesh,September,KANNAUJ,0.504,0.532,0.501,0.564,0.585,0.564,0.573,0.565,0.504,0.505,0.519,0.574,0.545,0.599
Uttar Pradesh,September,KANPUR,0.543,0.571,0.513,0.597,0.635,0.597,0.622,0.607,0.561,0.526,0.588,0.598,0.605,0.639
Uttar Pradesh,September,KANPUR DEHAT,0.59,0.59,0.52,0.609,0.649,0.609,0.651,0.643,0.631,0.6,0.656,0.668,0.638,0.707
Uttar Pradesh,September,KANSHIRAMNAGAR,0.582,0.586,0.507,0.616,0.602,0.616,0.655,0.608,0.633,0.614,0.636,0.706,0.636,0.701
Uttar Pradesh,September,KAUSHAMBI,0.646,0.643,0.607,0.627,0.638,0.627,0.657,0.645,0.643,0.615,0.72,0.723,0.713,0.7
Uttar Pradesh,September,KHERI,0.741,0.711,0.708,0.74,0.696,0.741,0.753,0.721,0.735,0.726,0.759,0.768,0.734,0.781
Uttar Pradesh,September,KUSHINAGAR,0.743,0.716,0.704,0.746,0.7,0.746,0.751,0.747,0.734,0.729,0.737,0.787,0.765,0.762
Uttar Pradesh,September,LACKNOW,0.606,0.636,0.613,0.659,0.665,0.659,0.689,0.658,0.638,0.627,0.675,0.702,0.649,0.638
Uttar Pradesh,September,LALITPUR,0.642,0.641,0.572,0.671,0.692,0.671,0.705,0.647,0.725,0.641,0.639,0.61,0.657,0.724
Uttar Pradesh,September,MAHAMAYANAGAR,0.488,0.508,0.463,0.55,0.573,0.55,0.587,0.545,0.535,0.516,0.527,0.588,0.615,0.694
Uttar Pradesh,September,MAHARAJGANJ,0.78,0.746,0.763,0.79,0.764,0.79,0.797,0.807,0.801,0.788,0.817,0.807,0.831,0.863
Uttar Pradesh,September,MAHOBA,0.492,0.552,0.493,0.543,0.556,0.544,0.597,0.557,0.554,0.519,0.586,0.603,0.673,0.671
Uttar Pradesh,September,MAINPURI,0.559,0.571,0.516,0.579,0.629,0.579,0.624,0.604,0.627,0.611,0.617,0.676,0.644,0.718
Uttar Pradesh,September,MATHURA,0.511,0.54,0.502,0.577,0.603,0.577,0.632,0.594,0.613,0.577,0.609,0.573,0.636,0.683
Uttar Pradesh,September,MAU,0.695,0.695,0.688,0.723,0.688,0.722,0.728,0.701,0.698,0.682,0.75,0.761,0.749,0.67
Uttar Pradesh,September,MEERUT,0.655,0.656,0.669,0.7,0.674,0.7,0.723,0.649,0.663,0.65,0.68,0.71,0.694,0.747
Uttar Pradesh,September,MIRZAPUR,0.663,0.648,0.639,0.613,0.66,0.613,0.71,0.668,0.676,0.649,0.684,0.693,0.696,0.729
Uttar Pradesh,September,MORADABAD,0.723,0.718,0.68,0.773,0.73,0.773,0.764,0.718,0.718,0.706,0.735,0.762,0.702,0.805
Uttar Pradesh,September,MUZAFARNAGAR,0.692,0.675,0.676,0.738,0.711,0.738,0.738,0.658,0.7,0.695,0.716,0.732,0.73,0.794
Uttar Pradesh,September,PANCHSHIL NAGAR,0.648,0.641,0.647,0.696,0.657,0.695,0.721,0.651,0.639,0.625,0.656,0.704,0.672,0.732
Uttar Pradesh,September,PILHIBHIT,0.775,0.746,0.737,0.787,0.742,0.787,0.789,0.747,0.774,0.776,0.767,0.795,0.768,0.828
Uttar Pradesh,September,PRABUDHNAGAR,0.678,0.681,0.662,0.74,0.698,0.74,0.727,0.662,0.716,0.673,0.715,0.73,0.724,0.791
Uttar Pradesh,September,PRATAPGARH,0.653,0.682,0.661,0.709,0.685,0.709,0.721,0.719,0.668,0.671,0.753,0.751,0.769,0.741
Uttar Pradesh,September,RAIBEARELI,0.622,0.642,0.61,0.657,0.665,0.657,0.699,0.665,0.644,0.626,0.696,0.732,0.704,0.716
Uttar Pradesh,September,RAMPUR,0.738,0.731,0.66,0.763,0.746,0.763,0.77,0.732,0.727,0.727,0.748,0.783,0.707,0.817
Uttar Pradesh,September,SAHUJI MAHARAJ NAGAR,0.558,0.563,0.517,0.573,0.577,0.573,0.584,0.555,0.583,0.537,0.613,0.612,0.619,0.654
Uttar Pradesh,September,SANTKABIRNAGAR,0.705,0.687,0.642,0.739,0.687,0.739,0.732,0.717,0.716,0.697,0.737,0.771,0.776,0.773
Uttar Pradesh,September,SANTRAVIDASNAGAR,0.664,0.69,0.623,0.686,0.688,0.686,0.739,0.699,0.677,0.658,0.706,0.702,0.703,0.675
Uttar Pradesh,September,SHAHJAHANPUR,0.708,0.704,0.696,0.727,0.69,0.727,0.765,0.715,0.726,0.718,0.751,0.769,0.732,0.798
Uttar Pradesh,September,SHARANPUR,0.72,0.698,0.664,0.753,0.727,0.753,0.73,0.686,0.735,0.7,0.73,0.737,0.726,0.79
Uttar Pradesh,September,SHRAWASTI,0.691,0.668,0.719,0.739,0.712,0.739,0.73,0.756,0.723,0.722,0.734,0.773,0.803,0.779
Uttar Pradesh,September,SIDDHARTHNAGAR,0.744,0.73,0.736,0.762,0.732,0.762,0.769,0.767,0.772,0.763,0.761,0.769,0.825,0.81
Uttar Pradesh,September,SITAPUR,0.668,0.679,0.643,0.713,0.689,0.713,0.714,0.702,0.693,0.711,0.737,0.776,0.722,0.763
Uttar Pradesh,September,SONBHADRA,0.668,0.653,0.662,0.639,0.673,0.639,0.723,0.706,0.697,0.679,0.716,0.74,0.729,0.753
Uttar Pradesh,September,SULTANPUR,0.655,0.692,0.658,0.753,0.706,0.753,0.727,0.738,0.691,0.673,0.772,0.765,0.782,0.707
Uttar Pradesh,September,UNNAO,0.552,0.607,0.59,0.579,0.617,0.579,0.667,0.627,0.609,0.592,0.652,0.675,0.617,0.644
Uttar Pradesh,September,VARANASI,0.668,0.658,0.633,0.65,0.664,0.65,0.68,0.639,0.672,0.633,0.655,0.701,0.701,0.669
Uttar Pradesh,October,AGRA,0.29,0.301,0.341,0.411,0.41,0.411,0.409,0.446,0.419,0.361,0.36,0.378,0.445,0.544
Uttar Pradesh,October,ALIGARH,0.416,0.439,0.455,0.493,0.494,0.493,0.478,0.525,0.498,0.496,0.458,0.48,0.536,0.564
Uttar Pradesh,October,ALLAHABAD,0.619,0.65,0.605,0.561,0.627,0.561,0.641,0.637,0.661,0.596,0.668,0.648,0.635,0.732
Uttar Pradesh,October,AMBEDKARNAGAR,0.688,0.69,0.639,0.662,0.7,0.662,0.682,0.707,0.68,0.645,0.682,0.68,0.652,0.762
Uttar Pradesh,October,AMETHI,0.609,0.642,0.593,0.63,0.615,0.63,0.618,0.689,0.653,0.612,0.657,0.678,0.646,0.769
Uttar Pradesh,October,AURAIYA,0.506,0.472,0.521,0.533,0.551,0.533,0.568,0.584,0.569,0.482,0.53,0.578,0.574,0.683
Uttar Pradesh,October,AZAMGARH,0.618,0.664,0.593,0.585,0.636,0.585,0.629,0.655,0.66,0.61,0.67,0.629,0.614,0.716
Uttar Pradesh,October,BADAUN,0.495,0.557,0.481,0.55,0.524,0.55,0.563,0.643,0.532,0.505,0.528,0.588,0.557,0.626
Uttar Pradesh,October,BAGHPAT,0.573,0.557,0.587,0.586,0.575,0.586,0.596,0.64,0.564,0.587,0.562,0.613,0.626,0.639
Uttar Pradesh,October,BAHRAICH,0.6,0.616,0.556,0.598,0.611,0.598,0.616,0.677,0.647,0.623,0.633,0.633,0.591,0.681
Uttar Pradesh,October,BALLIA,0.613,0.602,0.55,0.538,0.629,0.538,0.577,0.6,0.619,0.569,0.616,0.586,0.577,0.648
Uttar Pradesh,October,BALRAMPUR,0.629,0.637,0.608,0.61,0.661,0.61,0.627,0.671,0.642,0.613,0.639,0.687,0.632,0.717
Uttar Pradesh,October,BANDA,0.425,0.421,0.441,0.441,0.464,0.441,0.496,0.5,0.482,0.438,0.485,0.499,0.48,0.613
Uttar Pradesh,October,BARABANKI,0.577,0.629,0.577,0.6,0.636,0.6,0.637,0.704,0.651,0.625,0.595,0.65,0.619,0.748
Uttar Pradesh,October,BAREILLY,0.617,0.608,0.534,0.612,0.549,0.612,0.633,0.693,0.583,0.555,0.53,0.621,0.615,0.672
Uttar Pradesh,October,BASTI,0.662,0.63,0.573,0.62,0.677,0.62,0.66,0.694,0.657,0.641,0.662,0.673,0.642,0.764
Uttar Pradesh,October,BHIMNAGAR,0.528,0.548,0.506,0.587,0.546,0.587,0.577,0.643,0.547,0.557,0.526,0.599,0.588,0.628
Uttar Pradesh,October,BIJNOR,0.65,0.621,0.578,0.641,0.618,0.641,0.658,0.692,0.668,0.686,0.624,0.667,0.645,0.708
Uttar Pradesh,October,BULANDSAHAR,0.517,0.509,0.535,0.571,0.552,0.571,0.542,0.576,0.523,0.549,0.508,0.535,0.558,0.59
Uttar Pradesh,October,CHANDAULI,0.698,0.745,0.721,0.659,0.736,0.659,0.722,0.752,0.746,0.731,0.772,0.763,0.726,0.809
Uttar Pradesh,October,DEORIA,0.67,0.628,0.571,0.586,0.658,0.587,0.625,0.666,0.671,0.583,0.645,0.639,0.604,0.7
Uttar Pradesh,October,ETAH,0.378,0.431,0.418,0.437,0.459,0.437,0.471,0.512,0.476,0.407,0.402,0.478,0.506,0.56
Uttar Pradesh,October,ETAWAH,0.493,0.451,0.517,0.534,0.549,0.534,0.567,0.587,0.56,0.498,0.523,0.579,0.579,0.666
Uttar Pradesh,October,FAIZABAD,0.649,0.656,0.609,0.632,0.663,0.632,0.641,0.703,0.653,0.625,0.666,0.666,0.646,0.752
Uttar Pradesh,October,FARRUKHABAD,0.389,0.414,0.39,0.419,0.389,0.419,0.439,0.445,0.399,0.367,0.356,0.464,0.411,0.539
Uttar Pradesh,October,FATEHPUR,0.474,0.484,0.477,0.497,0.509,0.497,0.521,0.561,0.525,0.448,0.529,0.552,0.52,0.66
Uttar Pradesh,October,FIROZABAD,0.364,0.364,0.402,0.411,0.43,0.411,0.445,0.494,0.454,0.387,0.381,0.449,0.493,0.549
Uttar Pradesh,October,GAUTAMBUDHNAGAR,0.469,0.453,0.487,0.531,0.498,0.531,0.469,0.515,0.462,0.474,0.447,0.505,0.541,0.555
Uttar Pradesh,October,GAZIPUR,0.609,0.658,0.615,0.595,0.636,0.595,0.615,0.623,0.661,0.626,0.662,0.641,0.616,0.705
Uttar Pradesh,October,GHAZIABAD,0.512,0.47,0.515,0.542,0.521,0.542,0.518,0.563,0.477,0.52,0.489,0.542,0.563,0.573
Uttar Pradesh,October,GONDA,0.615,0.633,0.577,0.62,0.659,0.62,0.654,0.714,0.653,0.642,0.647,0.657,0.653,0.746
Uttar Pradesh,October,GORAKHPUR,0.619,0.558,0.536,0.587,0.615,0.588,0.575,0.619,0.633,0.558,0.614,0.57,0.556,0.679
Uttar Pradesh,October,HAMIRPUR1,0.327,0.32,0.323,0.355,0.372,0.355,0.384,0.409,0.378,0.354,0.358,0.343,0.389,0.543
Uttar Pradesh,October,HARDOI,0.47,0.533,0.499,0.535,0.543,0.535,0.592,0.583,0.53,0.505,0.515,0.613,0.583,0.668
Uttar Pradesh,October,JALAUN,0.305,0.323,0.33,0.349,0.335,0.349,0.41,0.413,0.372,0.338,0.331,0.365,0.396,0.548
Uttar Pradesh,October,JAUNPUR,0.57,0.619,0.523,0.565,0.594,0.565,0.578,0.61,0.6,0.554,0.637,0.592,0.594,0.71
Uttar Pradesh,October,JHANSI,0.315,0.308,0.344,0.365,0.353,0.364,0.438,0.429,0.407,0.357,0.365,0.412,0.485,0.623
Uttar Pradesh,October,JYOTIBAPHULE NAGAR,0.563,0.562,0.556,0.607,0.565,0.607,0.594,0.662,0.593,0.622,0.587,0.632,0.625,0.668
Uttar Pradesh,October,KANNAUJ,0.381,0.367,0.38,0.38,0.389,0.379,0.418,0.446,0.398,0.373,0.354,0.445,0.393,0.537
Uttar Pradesh,October,KANPUR,0.399,0.429,0.44,0.494,0.487,0.494,0.496,0.549,0.475,0.422,0.487,0.512,0.481,0.634
Uttar Pradesh,October,KANPUR DEHAT,0.462,0.481,0.474,0.508,0.534,0.508,0.533,0.583,0.533,0.466,0.504,0.547,0.536,0.683
Uttar Pradesh,October,KANSHIRAMNAGAR,0.455,0.51,0.466,0.483,0.502,0.483,0.489,0.538,0.502,0.449,0.454,0.506,0.514,0.576
Uttar Pradesh,October,KAUSHAMBI,0.564,0.578,0.519,0.526,0.531,0.526,0.518,0.544,0.586,0.489,0.586,0.57,0.57,0.691
Uttar Pradesh,October,KHERI,0.62,0.631,0.562,0.6,0.615,0.6,0.64,0.666,0.639,0.647,0.632,0.663,0.647,0.664
Uttar Pradesh,October,KUSHINAGAR,0.618,0.644,0.603,0.602,0.682,0.602,0.661,0.705,0.668,0.654,0.653,0.704,0.635,0.749
Uttar Pradesh,October,LACKNOW,0.506,0.557,0.517,0.563,0.57,0.563,0.599,0.629,0.609,0.532,0.57,0.613,0.555,0.68
Uttar Pradesh,October,LALITPUR,0.389,0.408,0.391,0.435,0.414,0.435,0.483,0.46,0.443,0.34,0.382,0.422,0.455,0.579
Uttar Pradesh,October,MAHAMAYANAGAR,0.333,0.34,0.378,0.412,0.404,0.412,0.411,0.449,0.433,0.386,0.384,0.402,0.459,0.514
Uttar Pradesh,October,MAHARAJGANJ,0.634,0.673,0.668,0.69,0.718,0.69,0.67,0.736,0.686,0.671,0.698,0.672,0.612,0.798
Uttar Pradesh,October,MAHOBA,0.327,0.334,0.351,0.36,0.371,0.36,0.415,0.415,0.412,0.343,0.355,0.427,0.473,0.574
Uttar Pradesh,October,MAINPURI,0.444,0.446,0.458,0.476,0.484,0.475,0.502,0.527,0.496,0.461,0.456,0.538,0.52,0.604
Uttar Pradesh,October,MATHURA,0.338,0.375,0.381,0.439,0.48,0.439,0.463,0.496,0.466,0.447,0.425,0.406,0.487,0.551
Uttar Pradesh,October,MAU,0.652,0.65,0.589,0.586,0.653,0.586,0.618,0.672,0.648,0.609,0.66,0.631,0.612,0.723
Uttar Pradesh,October,MEERUT,0.566,0.553,0.581,0.589,0.558,0.589,0.607,0.64,0.598,0.604,0.585,0.619,0.607,0.651
Uttar Pradesh,October,MIRZAPUR,0.614,0.617,0.577,0.551,0.619,0.551,0.623,0.651,0.664,0.575,0.673,0.621,0.623,0.71
Uttar Pradesh,October,MORADABAD,0.644,0.646,0.573,0.633,0.551,0.633,0.639,0.706,0.616,0.61,0.546,0.621,0.608,0.666
Uttar Pradesh,October,MUZAFARNAGAR,0.608,0.588,0.581,0.625,0.592,0.625,0.632,0.682,0.648,0.661,0.634,0.658,0.646,0.696
Uttar Pradesh,October,PANCHSHIL NAGAR,0.556,0.535,0.561,0.598,0.545,0.597,0.566,0.614,0.536,0.568,0.532,0.572,0.574,0.595
Uttar Pradesh,October,PILHIBHIT,0.661,0.605,0.561,0.6,0.606,0.6,0.635,0.676,0.627,0.591,0.555,0.643,0.653,0.652
Uttar Pradesh,October,PRABUDHNAGAR,0.617,0.579,0.578,0.61,0.603,0.61,0.65,0.663,0.609,0.629,0.577,0.632,0.629,0.668
Uttar Pradesh,October,PRATAPGARH,0.562,0.633,0.551,0.575,0.584,0.575,0.592,0.651,0.61,0.575,0.625,0.616,0.611,0.733
Uttar Pradesh,October,RAIBEARELI,0.515,0.555,0.515,0.541,0.561,0.541,0.571,0.626,0.597,0.538,0.589,0.638,0.575,0.711
Uttar Pradesh,October,RAMPUR,0.627,0.609,0.525,0.591,0.503,0.591,0.587,0.691,0.555,0.553,0.51,0.591,0.59,0.612
Uttar Pradesh,October,SAHUJI MAHARAJ NAGAR,0.471,0.505,0.47,0.463,0.472,0.462,0.456,0.502,0.526,0.426,0.536,0.515,0.478,0.626
Uttar Pradesh,October,SANTKABIRNAGAR,0.636,0.627,0.56,0.611,0.658,0.611,0.642,0.657,0.649,0.615,0.635,0.636,0.606,0.734
Uttar Pradesh,October,SANTRAVIDASNAGAR,0.62,0.651,0.547,0.6,0.652,0.6,0.624,0.625,0.639,0.567,0.666,0.611,0.604,0.697
Uttar Pradesh,October,SHAHJAHANPUR,0.554,0.588,0.538,0.592,0.585,0.592,0.656,0.63,0.592,0.545,0.528,0.65,0.644,0.67
Uttar Pradesh,October,SHARANPUR,0.63,0.575,0.53,0.628,0.597,0.628,0.627,0.664,0.624,0.635,0.599,0.642,0.633,0.667
Uttar Pradesh,October,SHRAWASTI,0.589,0.626,0.593,0.6,0.652,0.599,0.619,0.687,0.647,0.618,0.634,0.647,0.612,0.703
Uttar Pradesh,October,SIDDHARTHNAGAR,0.675,0.66,0.672,0.676,0.71,0.676,0.717,0.71,0.691,0.655,0.687,0.67,0.64,0.798
Uttar Pradesh,October,SITAPUR,0.533,0.599,0.523,0.601,0.599,0.601,0.619,0.652,0.639,0.622,0.626,0.66,0.641,0.712
Uttar Pradesh,October,SONBHADRA,0.596,0.6,0.571,0.579,0.617,0.579,0.641,0.704,0.673,0.611,0.719,0.665,0.65,0.756
Uttar Pradesh,October,SULTANPUR,0.592,0.647,0.561,0.642,0.639,0.642,0.625,0.66,0.633,0.597,0.658,0.643,0.623,0.744
Uttar Pradesh,October,UNNAO,0.423,0.489,0.479,0.506,0.498,0.506,0.542,0.591,0.544,0.475,0.514,0.568,0.516,0.652
Uttar Pradesh,October,VARANASI,0.608,0.634,0.523,0.515,0.58,0.515,0.578,0.586,0.613,0.545,0.646,0.569,0.585,0.656
Uttar Pradesh,November,AGRA,0.341,0.256,0.391,0.384,0.328,0.383,0.379,0.391,0.354,0.275,0.349,0.353,0.376,0.417
Uttar Pradesh,November,ALIGARH,0.344,0.327,0.378,0.369,0.346,0.369,0.365,0.377,0.325,0.326,0.364,0.368,0.373,0.388
Uttar Pradesh,November,ALLAHABAD,0.426,0.457,0.44,0.434,0.505,0.434,0.462,0.512,0.43,0.373,0.496,0.45,0.48,0.522
Uttar Pradesh,November,AMBEDKARNAGAR,0.427,0.453,0.418,0.443,0.509,0.443,0.461,0.46,0.434,0.436,0.47,0.47,0.476,0.49
Uttar Pradesh,November,AMETHI,0.439,0.424,0.438,0.478,0.488,0.478,0.444,0.447,0.423,0.383,0.469,0.441,0.46,0.511
Uttar Pradesh,November,AURAIYA,0.387,0.329,0.412,0.412,0.461,0.412,0.396,0.438,0.352,0.401,0.364,0.374,0.403,0.436
Uttar Pradesh,November,AZAMGARH,0.429,0.438,0.407,0.436,0.496,0.436,0.445,0.455,0.459,0.448,0.408,0.439,0.445,0.489
Uttar Pradesh,November,BADAUN,0.385,0.394,0.397,0.404,0.372,0.404,0.411,0.417,0.354,0.357,0.4,0.401,0.45,0.434
Uttar Pradesh,November,BAGHPAT,0.491,0.466,0.496,0.465,0.487,0.465,0.491,0.524,0.463,0.502,0.493,0.488,0.519,0.54
Uttar Pradesh,November,BAHRAICH,0.429,0.421,0.393,0.425,0.432,0.425,0.469,0.434,0.423,0.436,0.409,0.445,0.426,0.47
Uttar Pradesh,November,BALLIA,0.417,0.393,0.358,0.379,0.488,0.379,0.436,0.437,0.378,0.398,0.411,0.417,0.419,0.452
Uttar Pradesh,November,BALRAMPUR,0.46,0.492,0.439,0.469,0.469,0.469,0.479,0.473,0.476,0.486,0.457,0.512,0.465,0.542
Uttar Pradesh,November,BANDA,0.419,0.369,0.385,0.436,0.425,0.436,0.384,0.446,0.423,0.343,0.42,0.412,0.42,0.471
Uttar Pradesh,November,BARABANKI,0.396,0.397,0.411,0.418,0.472,0.418,0.399,0.406,0.407,0.361,0.389,0.406,0.409,0.44
Uttar Pradesh,November,BAREILLY,0.423,0.429,0.387,0.42,0.388,0.42,0.442,0.424,0.382,0.408,0.43,0.448,0.447,0.486
Uttar Pradesh,November,BASTI,0.423,0.461,0.41,0.433,0.483,0.433,0.467,0.471,0.434,0.414,0.438,0.454,0.449,0.503
Uttar Pradesh,November,BHIMNAGAR,0.399,0.424,0.411,0.422,0.397,0.422,0.407,0.436,0.39,0.385,0.429,0.436,0.477,0.47
Uttar Pradesh,November,BIJNOR,0.532,0.512,0.488,0.507,0.499,0.507,0.547,0.535,0.514,0.534,0.539,0.539,0.561,0.59
Uttar Pradesh,November,BULANDSAHAR,0.404,0.404,0.412,0.419,0.414,0.419,0.415,0.418,0.369,0.398,0.423,0.421,0.426,0.443
Uttar Pradesh,November,CHANDAULI,0.52,0.621,0.487,0.563,0.625,0.563,0.625,0.598,0.575,0.601,0.566,0.589,0.628,0.557
Uttar Pradesh,November,DEORIA,0.421,0.4,0.365,0.391,0.484,0.391,0.426,0.441,0.42,0.397,0.423,0.415,0.383,0.462
Uttar Pradesh,November,ETAH,0.337,0.336,0.381,0.362,0.348,0.362,0.361,0.378,0.318,0.312,0.347,0.355,0.389,0.401
Uttar Pradesh,November,ETAWAH,0.392,0.318,0.413,0.408,0.448,0.408,0.394,0.429,0.353,0.405,0.371,0.376,0.386,0.44
Uttar Pradesh,November,FAIZABAD,0.442,0.456,0.437,0.462,0.514,0.462,0.461,0.476,0.437,0.404,0.466,0.481,0.485,0.509
Uttar Pradesh,November,FARRUKHABAD,0.421,0.348,0.414,0.414,0.41,0.414,0.411,0.458,0.425,0.385,0.422,0.446,0.469,0.514
Uttar Pradesh,November,FATEHPUR,0.405,0.374,0.415,0.435,0.435,0.435,0.399,0.444,0.39,0.348,0.419,0.414,0.409,0.434
Uttar Pradesh,November,FIROZABAD,0.335,0.29,0.365,0.368,0.346,0.368,0.366,0.385,0.35,0.301,0.357,0.354,0.371,0.429
Uttar Pradesh,November,GAUTAMBUDHNAGAR,0.278,0.249,0.297,0.296,0.305,0.296,0.276,0.285,0.256,0.279,0.279,0.309,0.317,0.342
Uttar Pradesh,November,GAZIPUR,0.467,0.456,0.423,0.474,0.521,0.474,0.496,0.455,0.47,0.502,0.382,0.451,0.473,0.466
Uttar Pradesh,November,GHAZIABAD,0.387,0.349,0.385,0.373,0.4,0.374,0.383,0.42,0.352,0.41,0.385,0.409,0.437,0.466
Uttar Pradesh,November,GONDA,0.441,0.468,0.437,0.474,0.503,0.474,0.494,0.511,0.457,0.43,0.444,0.499,0.497,0.523
Uttar Pradesh,November,GORAKHPUR,0.368,0.368,0.359,0.378,0.441,0.378,0.394,0.422,0.405,0.372,0.384,0.395,0.354,0.44
Uttar Pradesh,November,HAMIRPUR1,0.381,0.301,0.374,0.47,0.4,0.47,0.37,0.439,0.351,0.284,0.366,0.389,0.337,0.412
Uttar Pradesh,November,HARDOI,0.377,0.354,0.366,0.379,0.379,0.379,0.375,0.392,0.379,0.382,0.372,0.387,0.4,0.458
Uttar Pradesh,November,JALAUN,0.319,0.26,0.379,0.395,0.359,0.395,0.329,0.42,0.363,0.261,0.361,0.359,0.382,0.429
Uttar Pradesh,November,JAUNPUR,0.421,0.436,0.393,0.434,0.464,0.434,0.419,0.437,0.423,0.4,0.43,0.421,0.428,0.472
Uttar Pradesh,November,JHANSI,0.318,0.263,0.41,0.466,0.385,0.466,0.356,0.448,0.354,0.298,0.337,0.345,0.361,0.424
Uttar Pradesh,November,JYOTIBAPHULE NAGAR,0.478,0.467,0.459,0.479,0.473,0.479,0.471,0.504,0.467,0.489,0.533,0.493,0.552,0.56
Uttar Pradesh,November,KANNAUJ,0.43,0.365,0.427,0.427,0.444,0.427,0.449,0.479,0.497,0.424,0.474,0.457,0.505,0.56
Uttar Pradesh,November,KANPUR,0.38,0.36,0.427,0.417,0.428,0.417,0.411,0.446,0.397,0.364,0.407,0.41,0.417,0.463
Uttar Pradesh,November,KANPUR DEHAT,0.368,0.344,0.425,0.407,0.455,0.407,0.385,0.42,0.348,0.364,0.371,0.374,0.394,0.441
Uttar Pradesh,November,KANSHIRAMNAGAR,0.403,0.406,0.432,0.419,0.388,0.419,0.402,0.412,0.353,0.36,0.394,0.404,0.434,0.427
Uttar Pradesh,November,KAUSHAMBI,0.399,0.413,0.405,0.428,0.448,0.428,0.404,0.449,0.393,0.326,0.433,0.406,0.424,0.455
Uttar Pradesh,November,KHERI,0.472,0.482,0.434,0.46,0.487,0.46,0.497,0.485,0.474,0.499,0.48,0.522,0.498,0.556
Uttar Pradesh,November,KUSHINAGAR,0.471,0.464,0.404,0.432,0.498,0.432,0.469,0.489,0.455,0.517,0.482,0.519,0.478,0.539
Uttar Pradesh,November,LACKNOW,0.406,0.384,0.412,0.43,0.459,0.43,0.385,0.412,0.463,0.401,0.42,0.432,0.417,0.49
Uttar Pradesh,November,LALITPUR,0.424,0.344,0.444,0.465,0.42,0.465,0.369,0.415,0.353,0.328,0.403,0.444,0.363,0.423
Uttar Pradesh,November,MAHAMAYANAGAR,0.373,0.299,0.401,0.365,0.366,0.365,0.386,0.397,0.397,0.295,0.412,0.403,0.406,0.418
Uttar Pradesh,November,MAHARAJGANJ,0.395,0.423,0.386,0.403,0.437,0.403,0.429,0.426,0.453,0.476,0.411,0.464,0.414,0.502
Uttar Pradesh,November,MAHOBA,0.395,0.285,0.361,0.472,0.395,0.472,0.369,0.442,0.349,0.292,0.328,0.345,0.351,0.415
Uttar Pradesh,November,MAINPURI,0.381,0.363,0.395,0.389,0.385,0.388,0.388,0.408,0.369,0.393,0.378,0.373,0.392,0.425
Uttar Pradesh,November,MATHURA,0.291,0.26,0.362,0.346,0.319,0.346,0.365,0.344,0.301,0.291,0.323,0.356,0.362,0.385
Uttar Pradesh,November,MAU,0.423,0.414,0.382,0.421,0.51,0.421,0.459,0.46,0.425,0.444,0.395,0.431,0.413,0.451
Uttar Pradesh,November,MEERUT,0.507,0.47,0.48,0.467,0.489,0.467,0.503,0.517,0.475,0.507,0.518,0.496,0.535,0.573
Uttar Pradesh,November,MIRZAPUR,0.437,0.468,0.419,0.462,0.521,0.462,0.511,0.538,0.495,0.437,0.476,0.477,0.503,0.545
Uttar Pradesh,November,MORADABAD,0.449,0.459,0.412,0.421,0.406,0.422,0.454,0.456,0.429,0.449,0.449,0.471,0.487,0.513
Uttar Pradesh,November,MUZAFARNAGAR,0.537,0.513,0.511,0.498,0.518,0.498,0.534,0.546,0.511,0.556,0.563,0.507,0.562,0.601
Uttar Pradesh,November,PANCHSHIL NAGAR,0.446,0.423,0.433,0.432,0.438,0.432,0.443,0.461,0.421,0.44,0.456,0.448,0.483,0.492
Uttar Pradesh,November,PILHIBHIT,0.428,0.423,0.401,0.433,0.421,0.433,0.461,0.435,0.416,0.424,0.462,0.482,0.461,0.534
Uttar Pradesh,November,PRABUDHNAGAR,0.532,0.493,0.49,0.465,0.485,0.465,0.51,0.519,0.485,0.509,0.498,0.473,0.506,0.531
Uttar Pradesh,November,PRATAPGARH,0.412,0.422,0.403,0.438,0.465,0.438,0.417,0.453,0.429,0.369,0.443,0.425,0.438,0.497
Uttar Pradesh,November,RAIBEARELI,0.406,0.403,0.425,0.439,0.456,0.439,0.418,0.453,0.428,0.373,0.436,0.415,0.448,0.459
Uttar Pradesh,November,RAMPUR,0.416,0.435,0.394,0.405,0.395,0.405,0.419,0.427,0.383,0.414,0.433,0.437,0.433,0.469
Uttar Pradesh,November,SAHUJI MAHARAJ NAGAR,0.397,0.378,0.389,0.421,0.418,0.421,0.39,0.448,0.427,0.32,0.448,0.44,0.413,0.498
Uttar Pradesh,November,SANTKABIRNAGAR,0.377,0.395,0.377,0.39,0.479,0.39,0.412,0.413,0.425,0.395,0.409,0.412,0.384,0.46
Uttar Pradesh,November,SANTRAVIDASNAGAR,0.417,0.432,0.39,0.429,0.5,0.429,0.469,0.516,0.449,0.384,0.437,0.417,0.45,0.504
Uttar Pradesh,November,SHAHJAHANPUR,0.382,0.39,0.368,0.396,0.392,0.396,0.432,0.418,0.363,0.368,0.401,0.413,0.419,0.468
Uttar Pradesh,November,SHARANPUR,0.519,0.49,0.471,0.458,0.479,0.457,0.516,0.515,0.48,0.496,0.506,0.489,0.508,0.539
Uttar Pradesh,November,SHRAWASTI,0.411,0.409,0.395,0.425,0.438,0.425,0.458,0.415,0.407,0.449,0.407,0.445,0.422,0.477
Uttar Pradesh,November,SIDDHARTHNAGAR,0.394,0.417,0.393,0.438,0.44,0.439,0.44,0.386,0.44,0.472,0.418,0.407,0.405,0.474
Uttar Pradesh,November,SITAPUR,0.429,0.433,0.407,0.429,0.459,0.429,0.439,0.45,0.452,0.468,0.457,0.473,0.468,0.521
Uttar Pradesh,November,SONBHADRA,0.47,0.488,0.43,0.486,0.52,0.486,0.511,0.579,0.492,0.474,0.52,0.521,0.498,0.62
Uttar Pradesh,November,SULTANPUR,0.419,0.438,0.406,0.459,0.491,0.459,0.443,0.445,0.428,0.407,0.455,0.453,0.453,0.484
Uttar Pradesh,November,UNNAO,0.379,0.359,0.397,0.411,0.423,0.411,0.382,0.423,0.447,0.377,0.392,0.4,0.413,0.457
Uttar Pradesh,November,VARANASI,0.41,0.443,0.378,0.394,0.454,0.394,0.434,0.469,0.431,0.434,0.381,0.408,0.417,0.476
Uttar Pradesh,December,AGRA,0.608,0.524,0.637,0.619,0.517,0.582,0.552,0.667,0.568,0.562,0.606,0.62,0.607,0.645
Uttar Pradesh,December,ALIGARH,0.531,0.426,0.49,0.484,0.41,0.467,0.467,0.536,0.477,0.501,0.509,0.589,0.555,0.632
Uttar Pradesh,December,ALLAHABAD,0.483,0.382,0.453,0.49,0.403,0.409,0.392,0.397,0.429,0.37,0.392,0.42,0.402,0.51
Uttar Pradesh,December,AMBEDKARNAGAR,0.505,0.432,0.43,0.441,0.399,0.435,0.412,0.468,0.48,0.418,0.44,0.5,0.426,0.511
Uttar Pradesh,December,AMETHI,0.477,0.418,0.462,0.443,0.426,0.423,0.411,0.462,0.496,0.422,0.436,0.484,0.451,0.551
Uttar Pradesh,December,AURAIYA,0.427,0.374,0.423,0.449,0.41,0.405,0.392,0.492,0.381,0.428,0.438,0.499,0.449,0.489
Uttar Pradesh,December,AZAMGARH,0.459,0.391,0.407,0.403,0.391,0.404,0.388,0.439,0.452,0.38,0.423,0.51,0.396,0.491
Uttar Pradesh,December,BADAUN,0.459,0.359,0.43,0.489,0.349,0.366,0.419,0.449,0.414,0.405,0.415,0.501,0.479,0.545
Uttar Pradesh,December,BAGHPAT,0.477,0.421,0.427,0.422,0.405,0.375,0.456,0.466,0.417,0.446,0.421,0.467,0.445,0.475
Uttar Pradesh,December,BAHRAICH,0.447,0.43,0.425,0.425,0.369,0.414,0.411,0.468,0.505,0.395,0.43,0.485,0.447,0.46
Uttar Pradesh,December,BALLIA,0.469,0.428,0.433,0.396,0.395,0.414,0.371,0.414,0.433,0.37,0.41,0.48,0.409,0.446
Uttar Pradesh,December,BALRAMPUR,0.467,0.475,0.442,0.466,0.41,0.422,0.419,0.473,0.477,0.407,0.46,0.49,0.444,0.495
Uttar Pradesh,December,BANDA,0.524,0.403,0.536,0.574,0.439,0.45,0.442,0.472,0.466,0.316,0.468,0.502,0.408,0.481
Uttar Pradesh,December,BARABANKI,0.525,0.423,0.471,0.43,0.392,0.443,0.424,0.485,0.531,0.435,0.473,0.512,0.52,0.517
Uttar Pradesh,December,BAREILLY,0.493,0.398,0.448,0.461,0.398,0.426,0.437,0.503,0.503,0.434,0.46,0.535,0.493,0.563
Uttar Pradesh,December,BASTI,0.478,0.456,0.413,0.429,0.4,0.415,0.377,0.47,0.465,0.364,0.401,0.449,0.412,0.456
Uttar Pradesh,December,BHIMNAGAR,0.483,0.365,0.419,0.45,0.368,0.379,0.416,0.451,0.466,0.43,0.445,0.489,0.475,0.508
Uttar Pradesh,December,BIJNOR,0.487,0.448,0.454,0.435,0.455,0.452,0.483,0.496,0.482,0.478,0.476,0.521,0.512,0.541
Uttar Pradesh,December,BULANDSAHAR,0.509,0.383,0.433,0.415,0.393,0.425,0.444,0.514,0.502,0.466,0.463,0.532,0.501,0.578
Uttar Pradesh,December,CHANDAULI,0.375,0.34,0.338,0.39,0.346,0.338,0.337,0.352,0.35,0.324,0.336,0.347,0.332,0.416
Uttar Pradesh,December,DEORIA,0.538,0.469,0.456,0.4,0.419,0.45,0.388,0.439,0.502,0.399,0.436,0.474,0.465,0.539
Uttar Pradesh,December,ETAH,0.468,0.374,0.447,0.495,0.387,0.412,0.419,0.522,0.397,0.444,0.48,0.536,0.501,0.581
Uttar Pradesh,December,ETAWAH,0.441,0.392,0.46,0.467,0.409,0.439,0.422,0.524,0.457,0.471,0.495,0.561,0.51,0.566
Uttar Pradesh,December,FAIZABAD,0.488,0.432,0.441,0.433,0.41,0.416,0.406,0.444,0.476,0.408,0.425,0.465,0.428,0.503
Uttar Pradesh,December,FARRUKHABAD,0.512,0.439,0.518,0.556,0.462,0.507,0.486,0.562,0.478,0.501,0.528,0.581,0.554,0.623
Uttar Pradesh,December,FATEHPUR,0.51,0.423,0.487,0.537,0.429,0.43,0.437,0.467,0.484,0.414,0.478,0.52,0.493,0.519
Uttar Pradesh,December,FIROZABAD,0.536,0.472,0.532,0.576,0.474,0.497,0.497,0.612,0.521,0.536,0.569,0.608,0.546,0.589
Uttar Pradesh,December,GAUTAMBUDHNAGAR,0.427,0.326,0.396,0.327,0.31,0.364,0.343,0.43,0.359,0.374,0.378,0.463,0.431,0.486
Uttar Pradesh,December,GAZIPUR,0.434,0.389,0.392,0.409,0.398,0.398,0.383,0.397,0.436,0.405,0.418,0.444,0.397,0.444
Uttar Pradesh,December,GHAZIABAD,0.444,0.346,0.364,0.353,0.35,0.341,0.398,0.422,0.362,0.39,0.368,0.425,0.399,0.439
Uttar Pradesh,December,GONDA,0.467,0.466,0.448,0.442,0.42,0.422,0.409,0.482,0.462,0.393,0.417,0.455,0.41,0.462
Uttar Pradesh,December,GORAKHPUR,0.56,0.497,0.486,0.468,0.417,0.481,0.391,0.511,0.506,0.394,0.445,0.537,0.446,0.484
Uttar Pradesh,December,HAMIRPUR1,0.549,0.406,0.61,0.675,0.503,0.507,0.479,0.59,0.487,0.312,0.554,0.584,0.461,0.556
Uttar Pradesh,December,HARDOI,0.476,0.371,0.469,0.487,0.381,0.436,0.384,0.515,0.464,0.408,0.461,0.495,0.481,0.566
Uttar Pradesh,December,JALAUN,0.574,0.401,0.639,0.642,0.476,0.553,0.492,0.643,0.514,0.388,0.603,0.599,0.546,0.515
Uttar Pradesh,December,JAUNPUR,0.49,0.425,0.466,0.452,0.451,0.445,0.426,0.487,0.495,0.405,0.433,0.482,0.428,0.543
Uttar Pradesh,December,JHANSI,0.484,0.371,0.644,0.666,0.535,0.522,0.507,0.602,0.501,0.363,0.539,0.506,0.45,0.494
Uttar Pradesh,December,JYOTIBAPHULE NAGAR,0.515,0.414,0.449,0.436,0.437,0.445,0.465,0.49,0.499,0.462,0.475,0.528,0.499,0.525
Uttar Pradesh,December,KANNAUJ,0.517,0.463,0.51,0.563,0.506,0.507,0.507,0.593,0.524,0.545,0.564,0.599,0.579,0.629
Uttar Pradesh,December,KANPUR,0.472,0.412,0.477,0.519,0.45,0.429,0.436,0.496,0.448,0.426,0.472,0.495,0.487,0.488
Uttar Pradesh,December,KANPUR DEHAT,0.458,0.375,0.458,0.519,0.433,0.415,0.396,0.51,0.378,0.432,0.458,0.506,0.479,0.455
Uttar Pradesh,December,KANSHIRAMNAGAR,0.46,0.396,0.458,0.51,0.398,0.412,0.443,0.517,0.404,0.45,0.479,0.56,0.525,0.601
Uttar Pradesh,December,KAUSHAMBI,0.463,0.409,0.491,0.509,0.423,0.43,0.426,0.456,0.431,0.406,0.444,0.481,0.465,0.49
Uttar Pradesh,December,KHERI,0.495,0.473,0.456,0.451,0.466,0.457,0.475,0.502,0.512,0.454,0.48,0.525,0.482,0.514
Uttar Pradesh,December,KUSHINAGAR,0.509,0.438,0.453,0.43,0.391,0.448,0.308,0.422,0.463,0.432,0.432,0.499,0.466,0.52
Uttar Pradesh,December,LACKNOW,0.503,0.392,0.464,0.458,0.398,0.413,0.398,0.454,0.495,0.399,0.428,0.443,0.427,0.469
Uttar Pradesh,December,LALITPUR,0.591,0.462,0.643,0.681,0.634,0.572,0.553,0.564,0.571,0.44,0.626,0.68,0.569,0.609
Uttar Pradesh,December,MAHAMAYANAGAR,0.592,0.516,0.563,0.587,0.523,0.549,0.552,0.656,0.555,0.574,0.604,0.641,0.613,0.66
Uttar Pradesh,December,MAHARAJGANJ,0.56,0.456,0.502,0.458,0.436,0.524,0.321,0.407,0.487,0.444,0.448,0.546,0.534,0.545
Uttar Pradesh,December,MAHOBA,0.542,0.322,0.616,0.68,0.518,0.521,0.486,0.567,0.474,0.282,0.504,0.417,0.377,0.516
Uttar Pradesh,December,MAINPURI,0.444,0.377,0.459,0.482,0.384,0.434,0.428,0.516,0.425,0.464,0.497,0.543,0.514,0.571
Uttar Pradesh,December,MATHURA,0.551,0.481,0.622,0.523,0.459,0.546,0.512,0.591,0.506,0.553,0.572,0.629,0.634,0.65
Uttar Pradesh,December,MAU,0.483,0.388,0.414,0.381,0.393,0.398,0.372,0.433,0.456,0.366,0.412,0.529,0.387,0.44
Uttar Pradesh,December,MEERUT,0.529,0.443,0.454,0.445,0.437,0.431,0.488,0.489,0.462,0.473,0.467,0.512,0.475,0.525
Uttar Pradesh,December,MIRZAPUR,0.444,0.382,0.423,0.502,0.388,0.401,0.383,0.393,0.41,0.379,0.406,0.401,0.386,0.485
Uttar Pradesh,December,MORADABAD,0.526,0.428,0.466,0.437,0.42,0.45,0.446,0.505,0.53,0.467,0.478,0.55,0.517,0.553
Uttar Pradesh,December,MUZAFARNAGAR,0.526,0.45,0.472,0.449,0.453,0.45,0.489,0.496,0.47,0.475,0.471,0.519,0.497,0.54
Uttar Pradesh,December,PANCHSHIL NAGAR,0.507,0.413,0.442,0.417,0.422,0.423,0.468,0.498,0.485,0.457,0.464,0.513,0.488,0.531
Uttar Pradesh,December,PILHIBHIT,0.54,0.521,0.548,0.506,0.507,0.545,0.527,0.559,0.579,0.56,0.578,0.615,0.567,0.601
Uttar Pradesh,December,PRABUDHNAGAR,0.522,0.449,0.488,0.464,0.442,0.453,0.479,0.528,0.489,0.485,0.492,0.538,0.534,0.575
Uttar Pradesh,December,PRATAPGARH,0.49,0.418,0.481,0.479,0.439,0.448,0.446,0.485,0.5,0.431,0.438,0.482,0.457,0.552
Uttar Pradesh,December,RAIBEARELI,0.49,0.411,0.45,0.467,0.4,0.402,0.406,0.452,0.482,0.416,0.441,0.472,0.432,0.458
Uttar Pradesh,December,RAMPUR,0.559,0.476,0.535,0.506,0.467,0.489,0.497,0.577,0.588,0.502,0.529,0.6,0.584,0.591
Uttar Pradesh,December,SAHUJI MAHARAJ NAGAR,0.485,0.404,0.521,0.532,0.433,0.463,0.454,0.457,0.456,0.324,0.457,0.484,0.432,0.5
Uttar Pradesh,December,SANTKABIRNAGAR,0.531,0.488,0.472,0.476,0.432,0.483,0.39,0.556,0.518,0.386,0.435,0.514,0.447,0.471
Uttar Pradesh,December,SANTRAVIDASNAGAR,0.467,0.353,0.449,0.449,0.385,0.393,0.372,0.399,0.42,0.374,0.388,0.426,0.374,0.483
Uttar Pradesh,December,SHAHJAHANPUR,0.525,0.461,0.494,0.518,0.432,0.479,0.461,0.569,0.503,0.475,0.491,0.569,0.521,0.598
Uttar Pradesh,December,SHARANPUR,0.524,0.453,0.49,0.439,0.445,0.456,0.477,0.521,0.514,0.475,0.5,0.57,0.552,0.587
Uttar Pradesh,December,SHRAWASTI,0.484,0.444,0.43,0.442,0.359,0.403,0.416,0.456,0.518,0.412,0.436,0.482,0.442,0.431
Uttar Pradesh,December,SIDDHARTHNAGAR,0.535,0.469,0.47,0.447,0.417,0.485,0.412,0.52,0.547,0.415,0.456,0.542,0.512,0.457
Uttar Pradesh,December,SITAPUR,0.472,0.414,0.433,0.431,0.4,0.421,0.422,0.467,0.494,0.394,0.43,0.487,0.451,0.515
Uttar Pradesh,December,SONBHADRA,0.4,0.437,0.384,0.505,0.414,0.413,0.425,0.432,0.412,0.41,0.434,0.415,0.412,0.524
Uttar Pradesh,December,SULTANPUR,0.47,0.435,0.463,0.46,0.432,0.433,0.416,0.476,0.486,0.418,0.445,0.482,0.433,0.55
Uttar Pradesh,December,UNNAO,0.471,0.385,0.474,0.504,0.412,0.435,0.409,0.494,0.508,0.403,0.449,0.462,0.456,0.495
Uttar Pradesh,December,VARANASI,0.478,0.379,0.44,0.462,0.393,0.411,0.389,0.413,0.444,0.399,0.405,0.438,0.38,0.501
Uttar Pradesh,January,AGRA,0.663,0.636,0.692,0.712,0.658,0.69,0.665,0.749,0.732,0.674,0.705,0.711,0.728,0.766
Uttar Pradesh,January,ALIGARH,0.625,0.634,0.645,0.664,0.569,0.643,0.622,0.712,0.731,0.631,0.707,0.717,0.714,0.76
Uttar Pradesh,January,ALLAHABAD,0.547,0.559,0.621,0.633,0.527,0.604,0.573,0.58,0.66,0.543,0.635,0.592,0.62,0.678
Uttar Pradesh,January,AMBEDKARNAGAR,0.564,0.635,0.665,0.635,0.575,0.64,0.588,0.561,0.676,0.611,0.683,0.622,0.657,0.678
Uttar Pradesh,January,AMETHI,0.556,0.559,0.607,0.609,0.548,0.599,0.557,0.57,0.682,0.573,0.641,0.635,0.66,0.703
Uttar Pradesh,January,AURAIYA,0.546,0.575,0.606,0.617,0.507,0.575,0.545,0.674,0.678,0.583,0.672,0.67,0.674,0.692
Uttar Pradesh,January,AZAMGARH,0.498,0.602,0.62,0.608,0.56,0.599,0.572,0.574,0.669,0.545,0.672,0.623,0.639,0.671
Uttar Pradesh,January,BADAUN,0.537,0.545,0.596,0.655,0.497,0.524,0.512,0.61,0.696,0.562,0.649,0.652,0.653,0.715
Uttar Pradesh,January,BAGHPAT,0.491,0.484,0.528,0.46,0.389,0.445,0.445,0.475,0.51,0.442,0.555,0.494,0.502,0.505
Uttar Pradesh,January,BAHRAICH,0.539,0.554,0.593,0.562,0.509,0.574,0.459,0.62,0.64,0.505,0.61,0.575,0.598,0.67
Uttar Pradesh,January,BALLIA,0.541,0.646,0.667,0.602,0.586,0.634,0.599,0.566,0.673,0.594,0.671,0.604,0.686,0.722
Uttar Pradesh,January,BALRAMPUR,0.486,0.522,0.543,0.526,0.467,0.524,0.471,0.563,0.581,0.441,0.588,0.53,0.538,0.596
Uttar Pradesh,January,BANDA,0.559,0.462,0.616,0.633,0.508,0.592,0.548,0.661,0.649,0.414,0.615,0.608,0.591,0.667
Uttar Pradesh,January,BARABANKI,0.605,0.594,0.635,0.602,0.535,0.613,0.576,0.625,0.712,0.614,0.681,0.637,0.678,0.709
Uttar Pradesh,January,BAREILLY,0.549,0.553,0.626,0.61,0.51,0.554,0.481,0.64,0.665,0.546,0.633,0.593,0.631,0.685
Uttar Pradesh,January,BASTI,0.539,0.588,0.623,0.579,0.511,0.599,0.545,0.582,0.622,0.516,0.628,0.59,0.64,0.675
Uttar Pradesh,January,BHIMNAGAR,0.544,0.553,0.61,0.641,0.466,0.515,0.515,0.61,0.701,0.554,0.647,0.601,0.604,0.607
Uttar Pradesh,January,BIJNOR,0.485,0.49,0.55,0.493,0.441,0.485,0.459,0.507,0.56,0.465,0.539,0.511,0.528,0.56
Uttar Pradesh,January,BULANDSAHAR,0.569,0.613,0.626,0.619,0.51,0.6,0.561,0.649,0.702,0.557,0.675,0.649,0.668,0.688
Uttar Pradesh,January,CHANDAULI,0.466,0.624,0.579,0.534,0.465,0.531,0.508,0.544,0.609,0.46,0.618,0.561,0.597,0.633
Uttar Pradesh,January,DEORIA,0.565,0.657,0.708,0.639,0.639,0.678,0.616,0.532,0.688,0.614,0.742,0.654,0.714,0.756
Uttar Pradesh,January,ETAH,0.574,0.591,0.605,0.643,0.541,0.587,0.593,0.679,0.7,0.613,0.683,0.684,0.691,0.727
Uttar Pradesh,January,ETAWAH,0.567,0.583,0.626,0.622,0.535,0.599,0.584,0.688,0.699,0.603,0.683,0.688,0.689,0.721
Uttar Pradesh,January,FAIZABAD,0.555,0.572,0.615,0.576,0.509,0.588,0.533,0.575,0.648,0.549,0.62,0.59,0.598,0.638
Uttar Pradesh,January,FARRUKHABAD,0.526,0.538,0.573,0.587,0.511,0.548,0.533,0.628,0.617,0.531,0.623,0.635,0.619,0.672
Uttar Pradesh,January,FATEHPUR,0.562,0.536,0.613,0.631,0.531,0.582,0.563,0.607,0.67,0.578,0.668,0.653,0.663,0.717
Uttar Pradesh,January,FIROZABAD,0.621,0.606,0.633,0.653,0.62,0.637,0.628,0.717,0.713,0.643,0.696,0.707,0.71,0.739
Uttar Pradesh,January,GAUTAMBUDHNAGAR,0.539,0.594,0.598,0.538,0.463,0.532,0.506,0.585,0.59,0.515,0.592,0.582,0.602,0.669
Uttar Pradesh,January,GAZIPUR,0.506,0.621,0.602,0.565,0.547,0.601,0.579,0.608,0.642,0.589,0.681,0.614,0.637,0.674
Uttar Pradesh,January,GHAZIABAD,0.472,0.489,0.531,0.477,0.392,0.468,0.45,0.508,0.53,0.395,0.558,0.479,0.5,0.512
Uttar Pradesh,January,GONDA,0.544,0.563,0.608,0.549,0.506,0.571,0.48,0.568,0.595,0.473,0.61,0.535,0.56,0.627
Uttar Pradesh,January,GORAKHPUR,0.599,0.676,0.711,0.653,0.647,0.689,0.648,0.61,0.693,0.602,0.725,0.686,0.717,0.753
Uttar Pradesh,January,HAMIRPUR1,0.577,0.465,0.653,0.684,0.582,0.616,0.585,0.713,0.675,0.438,0.683,0.645,0.629,0.752
Uttar Pradesh,January,HARDOI,0.571,0.603,0.654,0.64,0.534,0.615,0.551,0.662,0.697,0.613,0.671,0.654,0.663,0.72
Uttar Pradesh,January,JALAUN,0.644,0.534,0.69,0.702,0.618,0.677,0.658,0.722,0.73,0.58,0.683,0.694,0.69,0.727
Uttar Pradesh,January,JAUNPUR,0.556,0.588,0.618,0.617,0.573,0.611,0.583,0.606,0.669,0.587,0.676,0.629,0.663,0.683
Uttar Pradesh,January,JHANSI,0.524,0.438,0.689,0.692,0.619,0.646,0.639,0.725,0.7,0.528,0.678,0.595,0.666,0.724
Uttar Pradesh,January,JYOTIBAPHULE NAGAR,0.539,0.545,0.611,0.573,0.457,0.532,0.515,0.583,0.647,0.514,0.615,0.568,0.568,0.567
Uttar Pradesh,January,KANNAUJ,0.563,0.566,0.594,0.613,0.552,0.578,0.567,0.665,0.642,0.566,0.628,0.658,0.637,0.673
Uttar Pradesh,January,KANPUR,0.578,0.552,0.595,0.621,0.554,0.571,0.539,0.601,0.65,0.547,0.641,0.64,0.66,0.681
Uttar Pradesh,January,KANPUR DEHAT,0.596,0.565,0.61,0.64,0.552,0.604,0.549,0.661,0.667,0.587,0.674,0.674,0.686,0.711
Uttar Pradesh,January,KANSHIRAMNAGAR,0.538,0.555,0.584,0.611,0.538,0.578,0.561,0.651,0.678,0.589,0.669,0.676,0.682,0.732
Uttar Pradesh,January,KAUSHAMBI,0.529,0.536,0.614,0.615,0.534,0.588,0.571,0.585,0.652,0.566,0.659,0.637,0.643,0.694
Uttar Pradesh,January,KHERI,0.514,0.517,0.565,0.524,0.495,0.531,0.461,0.582,0.589,0.516,0.563,0.516,0.541,0.603
Uttar Pradesh,January,KUSHINAGAR,0.515,0.58,0.613,0.551,0.516,0.569,0.507,0.478,0.584,0.548,0.634,0.554,0.603,0.655
Uttar Pradesh,January,LACKNOW,0.561,0.542,0.59,0.579,0.507,0.569,0.537,0.596,0.646,0.526,0.608,0.587,0.595,0.655
Uttar Pradesh,January,LALITPUR,0.587,0.478,0.678,0.718,0.661,0.7,0.679,0.776,0.744,0.6,0.735,0.716,0.752,0.819
Uttar Pradesh,January,MAHAMAYANAGAR,0.643,0.617,0.656,0.681,0.637,0.647,0.654,0.742,0.738,0.671,0.707,0.722,0.72,0.765
Uttar Pradesh,January,MAHARAJGANJ,0.599,0.662,0.672,0.643,0.643,0.69,0.645,0.617,0.668,0.631,0.716,0.704,0.738,0.768
Uttar Pradesh,January,MAHOBA,0.532,0.349,0.65,0.68,0.582,0.622,0.58,0.717,0.661,0.332,0.631,0.458,0.503,0.713
Uttar Pradesh,January,MAINPURI,0.535,0.566,0.597,0.598,0.503,0.573,0.567,0.654,0.675,0.57,0.66,0.671,0.676,0.706
Uttar Pradesh,January,MATHURA,0.654,0.664,0.709,0.713,0.653,0.703,0.664,0.751,0.74,0.661,0.732,0.743,0.76,0.775
Uttar Pradesh,January,MAU,0.522,0.629,0.661,0.617,0.602,0.634,0.598,0.577,0.688,0.566,0.702,0.62,0.662,0.703
Uttar Pradesh,January,MEERUT,0.526,0.523,0.569,0.517,0.439,0.512,0.473,0.523,0.575,0.479,0.575,0.529,0.533,0.55
Uttar Pradesh,January,MIRZAPUR,0.491,0.538,0.555,0.584,0.478,0.561,0.522,0.585,0.613,0.498,0.6,0.534,0.605,0.663
Uttar Pradesh,January,MORADABAD,0.567,0.562,0.638,0.594,0.512,0.549,0.534,0.632,0.668,0.538,0.614,0.594,0.613,0.627
Uttar Pradesh,January,MUZAFARNAGAR,0.519,0.526,0.578,0.525,0.453,0.513,0.479,0.525,0.568,0.483,0.567,0.524,0.539,0.556
Uttar Pradesh,January,PANCHSHIL NAGAR,0.528,0.551,0.601,0.572,0.501,0.556,0.512,0.583,0.636,0.516,0.629,0.58,0.602,0.594
Uttar Pradesh,January,PILHIBHIT,0.614,0.616,0.671,0.638,0.609,0.631,0.59,0.685,0.682,0.637,0.682,0.629,0.665,0.727
Uttar Pradesh,January,PRABUDHNAGAR,0.535,0.54,0.592,0.553,0.502,0.546,0.519,0.578,0.609,0.574,0.642,0.59,0.613,0.619
Uttar Pradesh,January,PRATAPGARH,0.555,0.545,0.609,0.613,0.573,0.608,0.58,0.614,0.665,0.594,0.664,0.624,0.65,0.689
Uttar Pradesh,January,RAIBEARELI,0.575,0.549,0.599,0.603,0.513,0.565,0.56,0.594,0.67,0.581,0.666,0.641,0.652,0.691
Uttar Pradesh,January,RAMPUR,0.609,0.602,0.674,0.653,0.583,0.589,0.562,0.71,0.716,0.585,0.664,0.648,0.688,0.705
Uttar Pradesh,January,SAHUJI MAHARAJ NAGAR,0.507,0.453,0.573,0.586,0.489,0.595,0.555,0.579,0.635,0.412,0.601,0.585,0.601,0.681
Uttar Pradesh,January,SANTKABIRNAGAR,0.596,0.663,0.702,0.653,0.652,0.694,0.642,0.661,0.68,0.605,0.717,0.692,0.718,0.75
Uttar Pradesh,January,SANTRAVIDASNAGAR,0.512,0.542,0.605,0.609,0.501,0.581,0.561,0.535,0.645,0.57,0.638,0.602,0.638,0.654
Uttar Pradesh,January,SHAHJAHANPUR,0.603,0.616,0.673,0.654,0.563,0.624,0.561,0.691,0.702,0.643,0.689,0.652,0.67,0.741
Uttar Pradesh,January,SHARANPUR,0.526,0.538,0.637,0.575,0.536,0.568,0.531,0.61,0.637,0.541,0.651,0.614,0.642,0.652
Uttar Pradesh,January,SHRAWASTI,0.578,0.591,0.632,0.596,0.523,0.603,0.562,0.638,0.669,0.515,0.65,0.612,0.598,0.68
Uttar Pradesh,January,SIDDHARTHNAGAR,0.594,0.647,0.689,0.629,0.631,0.685,0.647,0.699,0.714,0.584,0.748,0.714,0.747,0.749
Uttar Pradesh,January,SITAPUR,0.516,0.529,0.601,0.552,0.487,0.543,0.442,0.584,0.635,0.494,0.588,0.545,0.561,0.634
Uttar Pradesh,January,SONBHADRA,0.415,0.477,0.424,0.519,0.425,0.483,0.462,0.547,0.525,0.444,0.546,0.457,0.532,0.637
Uttar Pradesh,January,SULTANPUR,0.555,0.581,0.615,0.6,0.557,0.599,0.553,0.595,0.662,0.57,0.632,0.615,0.643,0.663
Uttar Pradesh,January,UNNAO,0.593,0.589,0.629,0.633,0.542,0.605,0.571,0.651,0.685,0.576,0.668,0.662,0.676,0.726
Uttar Pradesh,January,VARANASI,0.518,0.585,0.607,0.615,0.511,0.586,0.579,0.565,0.64,0.577,0.644,0.59,0.62,0.633
Uttar Pradesh,February,AGRA,0.687,0.621,0.643,0.693,0.725,0.658,0.704,0.73,0.722,0.688,0.722,0.691,0.702,0.746
Uttar Pradesh,February,ALIGARH,0.721,0.63,0.673,0.704,0.725,0.622,0.711,0.741,0.732,0.701,0.734,0.737,0.728,0.762
Uttar Pradesh,February,ALLAHABAD,0.617,0.587,0.602,0.636,0.615,0.654,0.689,0.681,0.668,0.609,0.677,0.636,0.678,0.713
Uttar Pradesh,February,AMBEDKARNAGAR,0.687,0.653,0.68,0.705,0.716,0.696,0.727,0.717,0.704,0.692,0.721,0.707,0.722,0.729
Uttar Pradesh,February,AMETHI,0.629,0.584,0.608,0.655,0.663,0.66,0.698,0.674,0.679,0.633,0.704,0.68,0.717,0.729
Uttar Pradesh,February,AURAIYA,0.663,0.59,0.637,0.665,0.677,0.64,0.7,0.707,0.697,0.667,0.722,0.72,0.713,0.742
Uttar Pradesh,February,AZAMGARH,0.654,0.616,0.635,0.67,0.658,0.646,0.708,0.691,0.659,0.663,0.706,0.71,0.703,0.709
Uttar Pradesh,February,BADAUN,0.648,0.554,0.643,0.705,0.71,0.574,0.645,0.719,0.723,0.641,0.737,0.713,0.694,0.713
Uttar Pradesh,February,BAGHPAT,0.62,0.488,0.632,0.604,0.612,0.549,0.611,0.623,0.568,0.579,0.622,0.603,0.599,0.606
Uttar Pradesh,February,BAHRAICH,0.609,0.568,0.619,0.633,0.616,0.597,0.645,0.648,0.651,0.581,0.645,0.64,0.656,0.668
Uttar Pradesh,February,BALLIA,0.675,0.643,0.652,0.661,0.671,0.67,0.718,0.715,0.659,0.672,0.709,0.709,0.722,0.729
Uttar Pradesh,February,BALRAMPUR,0.54,0.513,0.538,0.565,0.54,0.554,0.596,0.596,0.599,0.517,0.593,0.579,0.588,0.624
Uttar Pradesh,February,BANDA,0.51,0.475,0.537,0.627,0.573,0.63,0.621,0.686,0.654,0.523,0.624,0.627,0.653,0.706
Uttar Pradesh,February,BARABANKI,0.634,0.615,0.629,0.677,0.673,0.648,0.694,0.683,0.722,0.649,0.713,0.672,0.711,0.696
Uttar Pradesh,February,BAREILLY,0.625,0.564,0.653,0.681,0.663,0.564,0.634,0.686,0.68,0.622,0.679,0.663,0.674,0.681
Uttar Pradesh,February,BASTI,0.625,0.6,0.639,0.661,0.659,0.659,0.686,0.682,0.667,0.653,0.704,0.697,0.718,0.731
Uttar Pradesh,February,BHIMNAGAR,0.627,0.558,0.664,0.702,0.677,0.55,0.627,0.692,0.704,0.629,0.701,0.667,0.641,0.645
Uttar Pradesh,February,BIJNOR,0.562,0.498,0.592,0.562,0.562,0.514,0.572,0.59,0.564,0.545,0.581,0.565,0.573,0.597
Uttar Pradesh,February,BULANDSAHAR,0.7,0.618,0.708,0.696,0.713,0.616,0.691,0.722,0.708,0.67,0.728,0.707,0.7,0.724
Uttar Pradesh,February,CHANDAULI,0.663,0.637,0.617,0.667,0.656,0.637,0.692,0.69,0.659,0.64,0.694,0.657,0.691,0.712
Uttar Pradesh,February,DEORIA,0.706,0.649,0.69,0.695,0.718,0.698,0.741,0.737,0.685,0.713,0.745,0.745,0.737,0.757
Uttar Pradesh,February,ETAH,0.709,0.597,0.652,0.692,0.71,0.626,0.714,0.729,0.72,0.679,0.74,0.73,0.709,0.745
Uttar Pradesh,February,ETAWAH,0.673,0.595,0.641,0.671,0.681,0.622,0.71,0.701,0.704,0.674,0.728,0.716,0.709,0.738
Uttar Pradesh,February,FAIZABAD,0.62,0.595,0.632,0.659,0.654,0.639,0.684,0.665,0.677,0.624,0.689,0.655,0.695,0.688
Uttar Pradesh,February,FARRUKHABAD,0.623,0.537,0.582,0.622,0.628,0.564,0.649,0.655,0.629,0.57,0.623,0.647,0.628,0.65
Uttar Pradesh,February,FATEHPUR,0.59,0.557,0.616,0.673,0.64,0.664,0.677,0.688,0.677,0.64,0.679,0.691,0.721,0.736
Uttar Pradesh,February,FIROZABAD,0.685,0.607,0.619,0.668,0.69,0.616,0.708,0.693,0.706,0.67,0.713,0.701,0.694,0.723
Uttar Pradesh,February,GAUTAMBUDHNAGAR,0.687,0.601,0.648,0.619,0.646,0.562,0.641,0.657,0.623,0.583,0.648,0.635,0.649,0.646
Uttar Pradesh,February,GAZIPUR,0.671,0.633,0.626,0.664,0.646,0.652,0.707,0.702,0.65,0.67,0.7,0.688,0.7,0.711
Uttar Pradesh,February,GHAZIABAD,0.611,0.494,0.613,0.592,0.608,0.539,0.61,0.621,0.567,0.544,0.602,0.571,0.574,0.609
Uttar Pradesh,February,GONDA,0.594,0.577,0.618,0.629,0.623,0.61,0.642,0.642,0.637,0.588,0.646,0.617,0.638,0.656
Uttar Pradesh,February,GORAKHPUR,0.701,0.671,0.696,0.708,0.729,0.713,0.77,0.749,0.695,0.707,0.738,0.752,0.75,0.766
Uttar Pradesh,February,HAMIRPUR1,0.496,0.47,0.546,0.647,0.595,0.613,0.649,0.715,0.682,0.532,0.663,0.606,0.673,0.745
Uttar Pradesh,February,HARDOI,0.668,0.614,0.67,0.696,0.71,0.665,0.699,0.724,0.723,0.662,0.731,0.716,0.719,0.735
Uttar Pradesh,February,JALAUN,0.611,0.534,0.562,0.678,0.702,0.655,0.71,0.728,0.74,0.652,0.67,0.662,0.683,0.738
Uttar Pradesh,February,JAUNPUR,0.629,0.611,0.614,0.651,0.636,0.639,0.683,0.674,0.646,0.645,0.692,0.691,0.699,0.707
Uttar Pradesh,February,JHANSI,0.47,0.444,0.566,0.64,0.633,0.628,0.68,0.719,0.711,0.57,0.654,0.57,0.693,0.737
Uttar Pradesh,February,JYOTIBAPHULE NAGAR,0.618,0.551,0.664,0.639,0.636,0.544,0.628,0.658,0.651,0.612,0.663,0.637,0.63,0.632
Uttar Pradesh,February,KANNAUJ,0.619,0.562,0.566,0.643,0.644,0.583,0.669,0.655,0.614,0.575,0.616,0.652,0.647,0.658
Uttar Pradesh,February,KANPUR,0.604,0.562,0.606,0.67,0.67,0.643,0.674,0.681,0.659,0.623,0.681,0.676,0.69,0.703
Uttar Pradesh,February,KANPUR DEHAT,0.636,0.579,0.625,0.69,0.702,0.679,0.698,0.725,0.698,0.668,0.712,0.716,0.727,0.745
Uttar Pradesh,February,KANSHIRAMNAGAR,0.669,0.562,0.642,0.67,0.702,0.599,0.679,0.716,0.691,0.653,0.709,0.707,0.697,0.739
Uttar Pradesh,February,KAUSHAMBI,0.583,0.569,0.597,0.626,0.607,0.634,0.67,0.668,0.656,0.607,0.665,0.662,0.683,0.713
Uttar Pradesh,February,KHERI,0.575,0.527,0.581,0.592,0.563,0.525,0.581,0.599,0.593,0.545,0.592,0.562,0.59,0.594
Uttar Pradesh,February,KUSHINAGAR,0.632,0.566,0.598,0.636,0.636,0.613,0.643,0.636,0.597,0.617,0.623,0.624,0.616,0.649
Uttar Pradesh,February,LACKNOW,0.603,0.56,0.59,0.626,0.628,0.626,0.654,0.652,0.662,0.591,0.649,0.62,0.649,0.647
Uttar Pradesh,February,LALITPUR,0.478,0.444,0.565,0.619,0.633,0.631,0.694,0.752,0.74,0.614,0.668,0.613,0.752,0.805
Uttar Pradesh,February,MAHAMAYANAGAR,0.698,0.575,0.622,0.693,0.69,0.613,0.692,0.707,0.715,0.664,0.721,0.692,0.69,0.737
Uttar Pradesh,February,MAHARAJGANJ,0.713,0.645,0.671,0.733,0.732,0.708,0.75,0.732,0.712,0.724,0.735,0.757,0.757,0.774
Uttar Pradesh,February,MAHOBA,0.438,0.354,0.533,0.628,0.538,0.58,0.618,0.705,0.668,0.365,0.597,0.432,0.53,0.707
Uttar Pradesh,February,MAINPURI,0.678,0.574,0.618,0.659,0.67,0.598,0.691,0.688,0.683,0.637,0.703,0.708,0.696,0.712
Uttar Pradesh,February,MATHURA,0.734,0.656,0.677,0.717,0.756,0.68,0.719,0.763,0.743,0.725,0.747,0.74,0.739,0.772
Uttar Pradesh,February,MAU,0.683,0.637,0.658,0.677,0.686,0.675,0.73,0.72,0.672,0.69,0.724,0.726,0.725,0.724
Uttar Pradesh,February,MEERUT,0.621,0.526,0.646,0.612,0.618,0.565,0.611,0.628,0.602,0.582,0.635,0.602,0.592,0.62
Uttar Pradesh,February,MIRZAPUR,0.557,0.555,0.537,0.58,0.566,0.599,0.631,0.644,0.618,0.561,0.633,0.574,0.644,0.682
Uttar Pradesh,February,MORADABAD,0.645,0.578,0.661,0.669,0.654,0.555,0.634,0.677,0.665,0.632,0.681,0.656,0.648,0.648
Uttar Pradesh,February,MUZAFARNAGAR,0.613,0.526,0.641,0.602,0.612,0.561,0.613,0.626,0.594,0.581,0.626,0.591,0.595,0.61
Uttar Pradesh,February,PANCHSHIL NAGAR,0.651,0.554,0.677,0.65,0.674,0.578,0.642,0.678,0.643,0.618,0.673,0.651,0.65,0.665
Uttar Pradesh,February,PILHIBHIT,0.668,0.628,0.683,0.699,0.681,0.623,0.678,0.698,0.691,0.666,0.695,0.686,0.7,0.711
Uttar Pradesh,February,PRABUDHNAGAR,0.633,0.54,0.667,0.645,0.655,0.609,0.641,0.661,0.629,0.644,0.678,0.66,0.666,0.677
Uttar Pradesh,February,PRATAPGARH,0.602,0.58,0.59,0.628,0.639,0.643,0.678,0.669,0.643,0.629,0.664,0.656,0.693,0.703
Uttar Pradesh,February,RAIBEARELI,0.629,0.571,0.625,0.665,0.658,0.649,0.683,0.685,0.673,0.639,0.702,0.687,0.714,0.719
Uttar Pradesh,February,RAMPUR,0.672,0.622,0.671,0.692,0.695,0.586,0.666,0.717,0.7,0.672,0.705,0.708,0.7,0.709
Uttar Pradesh,February,SAHUJI MAHARAJ NAGAR,0.486,0.468,0.488,0.549,0.506,0.597,0.607,0.643,0.627,0.478,0.608,0.583,0.623,0.702
Uttar Pradesh,February,SANTKABIRNAGAR,0.685,0.664,0.684,0.707,0.724,0.716,0.763,0.745,0.697,0.707,0.744,0.76,0.771,0.777
Uttar Pradesh,February,SANTRAVIDASNAGAR,0.621,0.566,0.598,0.633,0.62,0.63,0.687,0.667,0.642,0.644,0.685,0.658,0.683,0.681
Uttar Pradesh,February,SHAHJAHANPUR,0.686,0.627,0.695,0.711,0.711,0.629,0.697,0.727,0.73,0.689,0.731,0.706,0.717,0.738
Uttar Pradesh,February,SHARANPUR,0.624,0.539,0.664,0.633,0.657,0.599,0.658,0.678,0.661,0.649,0.688,0.667,0.673,0.693
Uttar Pradesh,February,SHRAWASTI,0.65,0.603,0.645,0.654,0.645,0.645,0.691,0.684,0.692,0.627,0.682,0.687,0.696,0.716
Uttar Pradesh,February,SIDDHARTHNAGAR,0.701,0.644,0.672,0.71,0.735,0.724,0.771,0.751,0.726,0.729,0.748,0.777,0.781,0.79
Uttar Pradesh,February,SITAPUR,0.576,0.544,0.607,0.625,0.607,0.562,0.617,0.631,0.647,0.557,0.652,0.609,0.638,0.638
Uttar Pradesh,February,SONBHADRA,0.445,0.489,0.403,0.496,0.434,0.496,0.512,0.552,0.512,0.479,0.547,0.474,0.539,0.626
Uttar Pradesh,February,SULTANPUR,0.634,0.601,0.611,0.655,0.66,0.653,0.687,0.674,0.681,0.631,0.683,0.665,0.699,0.702
Uttar Pradesh,February,UNNAO,0.645,0.602,0.64,0.682,0.693,0.671,0.696,0.711,0.696,0.653,0.712,0.704,0.719,0.731
Uttar Pradesh,February,VARANASI,0.632,0.604,0.608,0.642,0.616,0.619,0.686,0.656,0.627,0.644,0.668,0.629,0.664,0.666
